Thu Jan 15 00:18:01 2026       
+-----------------------------------------------------------------------------------------+
| NVIDIA-SMI 560.35.03              Driver Version: 560.35.03      CUDA Version: 12.6     |
|-----------------------------------------+------------------------+----------------------+
| GPU  Name                 Persistence-M | Bus-Id          Disp.A | Volatile Uncorr. ECC |
| Fan  Temp   Perf          Pwr:Usage/Cap |           Memory-Usage | GPU-Util  Compute M. |
|                                         |                        |               MIG M. |
|=========================================+========================+======================|
|   0  NVIDIA GeForce RTX 4080        On  |   00000000:01:00.0 Off |                  N/A |
| 57%   34C    P8              6W /  150W |       2MiB /  16376MiB |      0%      Default |
|                                         |                        |                  N/A |
+-----------------------------------------+------------------------+----------------------+
                                                                                         
+-----------------------------------------------------------------------------------------+
| Processes:                                                                              |
|  GPU   GI   CI        PID   Type   Process name                              GPU Memory |
|        ID   ID                                                               Usage      |
|=========================================================================================|
|  No running processes found                                                             |
+-----------------------------------------------------------------------------------------+
torch 2.5.1 cuda 12.1 avail True
NVIDIA GeForce RTX 4080
Loaded processed data from: /pool1/home/ysxin/E3nnVB/VB/processed/train_data.pt
Using device: cuda
CUDA device: NVIDIA GeForce RTX 4080
/pool1/home/ysxin/miniconda3/envs/newe3nn/lib/python3.10/site-packages/torch/utils/data/dataloader.py:617: UserWarning: This DataLoader will create 4 worker processes in total. Our suggested max number of worker in current system is 1, which is smaller than what this DataLoader is going to create. Please be aware that excessive worker creation might get DataLoader running slow or even freeze, lower the worker number to avoid potential slowness/freeze if necessary.
  warnings.warn(
C4H6 tensor([0])
/pool1/home/ysxin/miniconda3/envs/newe3nn/lib/python3.10/site-packages/torch/utils/data/dataloader.py:617: UserWarning: This DataLoader will create 4 worker processes in total. Our suggested max number of worker in current system is 1, which is smaller than what this DataLoader is going to create. Please be aware that excessive worker creation might get DataLoader running slow or even freeze, lower the worker number to avoid potential slowness/freeze if necessary.
  warnings.warn(
Epoch 000 | Loss(MSE)=0.008033 | MAE=0.040749 | RMSE=0.089628 | LR=1.00e-03
Epoch 001 | Loss(MSE)=0.007593 | MAE=0.037858 | RMSE=0.087139 | LR=1.00e-03
Epoch 002 | Loss(MSE)=0.007537 | MAE=0.037322 | RMSE=0.086817 | LR=1.00e-03
Epoch 003 | Loss(MSE)=0.007483 | MAE=0.036750 | RMSE=0.086502 | LR=1.00e-03
Epoch 004 | Loss(MSE)=0.007507 | MAE=0.036920 | RMSE=0.086644 | LR=1.00e-03
Epoch 005 | Loss(MSE)=0.007444 | MAE=0.036432 | RMSE=0.086280 | LR=1.00e-03
Epoch 006 | Loss(MSE)=0.007459 | MAE=0.036208 | RMSE=0.086368 | LR=1.00e-03
Epoch 007 | Loss(MSE)=0.007427 | MAE=0.036111 | RMSE=0.086180 | LR=1.00e-03
Epoch 008 | Loss(MSE)=0.007433 | MAE=0.036076 | RMSE=0.086215 | LR=1.00e-03
Epoch 009 | Loss(MSE)=0.007434 | MAE=0.036159 | RMSE=0.086219 | LR=1.00e-03
Epoch 010 | Loss(MSE)=0.007425 | MAE=0.035958 | RMSE=0.086168 | LR=1.00e-03
Epoch 011 | Loss(MSE)=0.007427 | MAE=0.035989 | RMSE=0.086183 | LR=1.00e-03
Epoch 012 | Loss(MSE)=0.007440 | MAE=0.035860 | RMSE=0.086256 | LR=1.00e-03
Epoch 013 | Loss(MSE)=0.007419 | MAE=0.035812 | RMSE=0.086136 | LR=1.00e-03
Epoch 014 | Loss(MSE)=0.007424 | MAE=0.035889 | RMSE=0.086162 | LR=1.00e-03
Epoch 015 | Loss(MSE)=0.007416 | MAE=0.035749 | RMSE=0.086114 | LR=1.00e-03
Epoch 016 | Loss(MSE)=0.007423 | MAE=0.035908 | RMSE=0.086157 | LR=1.00e-03
Epoch 017 | Loss(MSE)=0.007419 | MAE=0.035790 | RMSE=0.086135 | LR=1.00e-03
Epoch 018 | Loss(MSE)=0.007415 | MAE=0.035659 | RMSE=0.086110 | LR=1.00e-03
Epoch 019 | Loss(MSE)=0.007404 | MAE=0.035730 | RMSE=0.086047 | LR=1.00e-03
Epoch 020 | Loss(MSE)=0.007404 | MAE=0.035705 | RMSE=0.086045 | LR=1.00e-03
Epoch 021 | Loss(MSE)=0.007401 | MAE=0.035673 | RMSE=0.086030 | LR=1.00e-03
Epoch 022 | Loss(MSE)=0.007406 | MAE=0.035680 | RMSE=0.086058 | LR=1.00e-03
Epoch 023 | Loss(MSE)=0.007399 | MAE=0.035701 | RMSE=0.086017 | LR=1.00e-03
Epoch 024 | Loss(MSE)=0.007407 | MAE=0.035650 | RMSE=0.086066 | LR=1.00e-03
Epoch 025 | Loss(MSE)=0.007402 | MAE=0.035596 | RMSE=0.086034 | LR=1.00e-03
Epoch 026 | Loss(MSE)=0.007408 | MAE=0.035724 | RMSE=0.086071 | LR=1.00e-03
Epoch 027 | Loss(MSE)=0.007404 | MAE=0.035651 | RMSE=0.086046 | LR=1.00e-03
Epoch 028 | Loss(MSE)=0.007382 | MAE=0.035571 | RMSE=0.085919 | LR=1.00e-03
Epoch 029 | Loss(MSE)=0.007386 | MAE=0.035590 | RMSE=0.085940 | LR=9.99e-04
Epoch 030 | Loss(MSE)=0.007395 | MAE=0.035614 | RMSE=0.085997 | LR=9.99e-04
Epoch 031 | Loss(MSE)=0.007392 | MAE=0.035425 | RMSE=0.085976 | LR=9.99e-04
Epoch 032 | Loss(MSE)=0.007393 | MAE=0.035594 | RMSE=0.085982 | LR=9.99e-04
Epoch 033 | Loss(MSE)=0.007388 | MAE=0.035510 | RMSE=0.085953 | LR=9.99e-04
Epoch 034 | Loss(MSE)=0.007382 | MAE=0.035456 | RMSE=0.085918 | LR=9.99e-04
Epoch 035 | Loss(MSE)=0.007405 | MAE=0.035492 | RMSE=0.086052 | LR=9.99e-04
Epoch 036 | Loss(MSE)=0.007391 | MAE=0.035566 | RMSE=0.085970 | LR=9.99e-04
Epoch 037 | Loss(MSE)=0.007393 | MAE=0.035414 | RMSE=0.085984 | LR=9.99e-04
Epoch 038 | Loss(MSE)=0.007386 | MAE=0.035518 | RMSE=0.085944 | LR=9.99e-04
Epoch 039 | Loss(MSE)=0.007389 | MAE=0.035516 | RMSE=0.085959 | LR=9.99e-04
Epoch 040 | Loss(MSE)=0.007378 | MAE=0.035527 | RMSE=0.085897 | LR=9.99e-04
Epoch 041 | Loss(MSE)=0.007389 | MAE=0.035381 | RMSE=0.085957 | LR=9.99e-04
Epoch 042 | Loss(MSE)=0.007393 | MAE=0.035447 | RMSE=0.085982 | LR=9.99e-04
Epoch 043 | Loss(MSE)=0.007383 | MAE=0.035374 | RMSE=0.085926 | LR=9.99e-04
Epoch 044 | Loss(MSE)=0.007375 | MAE=0.035405 | RMSE=0.085877 | LR=9.99e-04
Epoch 045 | Loss(MSE)=0.007367 | MAE=0.035388 | RMSE=0.085831 | LR=9.99e-04
Epoch 046 | Loss(MSE)=0.007372 | MAE=0.035359 | RMSE=0.085863 | LR=9.99e-04
Epoch 047 | Loss(MSE)=0.007375 | MAE=0.035483 | RMSE=0.085880 | LR=9.99e-04
Epoch 048 | Loss(MSE)=0.007371 | MAE=0.035372 | RMSE=0.085852 | LR=9.99e-04
Epoch 049 | Loss(MSE)=0.007378 | MAE=0.035386 | RMSE=0.085897 | LR=9.99e-04
Epoch 050 | Loss(MSE)=0.007381 | MAE=0.035348 | RMSE=0.085910 | LR=9.98e-04
Epoch 051 | Loss(MSE)=0.007387 | MAE=0.035380 | RMSE=0.085945 | LR=9.98e-04
Epoch 052 | Loss(MSE)=0.007362 | MAE=0.035327 | RMSE=0.085805 | LR=9.98e-04
Epoch 053 | Loss(MSE)=0.007372 | MAE=0.035265 | RMSE=0.085860 | LR=9.98e-04
Epoch 054 | Loss(MSE)=0.007374 | MAE=0.035282 | RMSE=0.085872 | LR=9.98e-04
Epoch 055 | Loss(MSE)=0.007383 | MAE=0.035311 | RMSE=0.085923 | LR=9.98e-04
Epoch 056 | Loss(MSE)=0.007370 | MAE=0.035301 | RMSE=0.085851 | LR=9.98e-04
Epoch 057 | Loss(MSE)=0.007370 | MAE=0.035282 | RMSE=0.085848 | LR=9.98e-04
Epoch 058 | Loss(MSE)=0.007368 | MAE=0.035259 | RMSE=0.085839 | LR=9.98e-04
Epoch 059 | Loss(MSE)=0.007374 | MAE=0.035300 | RMSE=0.085870 | LR=9.98e-04
Epoch 060 | Loss(MSE)=0.007380 | MAE=0.035451 | RMSE=0.085908 | LR=9.98e-04
Epoch 061 | Loss(MSE)=0.007372 | MAE=0.035199 | RMSE=0.085862 | LR=9.98e-04
Epoch 062 | Loss(MSE)=0.007377 | MAE=0.035331 | RMSE=0.085892 | LR=9.98e-04
Epoch 063 | Loss(MSE)=0.007359 | MAE=0.035228 | RMSE=0.085782 | LR=9.98e-04
Epoch 064 | Loss(MSE)=0.007366 | MAE=0.035237 | RMSE=0.085823 | LR=9.97e-04
Epoch 065 | Loss(MSE)=0.007366 | MAE=0.035254 | RMSE=0.085823 | LR=9.97e-04
Epoch 066 | Loss(MSE)=0.007379 | MAE=0.035249 | RMSE=0.085900 | LR=9.97e-04
Epoch 067 | Loss(MSE)=0.007365 | MAE=0.035153 | RMSE=0.085821 | LR=9.97e-04
Epoch 068 | Loss(MSE)=0.007371 | MAE=0.035392 | RMSE=0.085857 | LR=9.97e-04
Epoch 069 | Loss(MSE)=0.007370 | MAE=0.035277 | RMSE=0.085847 | LR=9.97e-04
Epoch 070 | Loss(MSE)=0.007371 | MAE=0.035166 | RMSE=0.085852 | LR=9.97e-04
Epoch 071 | Loss(MSE)=0.007368 | MAE=0.035202 | RMSE=0.085835 | LR=9.97e-04
Epoch 072 | Loss(MSE)=0.007371 | MAE=0.035202 | RMSE=0.085854 | LR=9.97e-04
Epoch 073 | Loss(MSE)=0.007363 | MAE=0.035318 | RMSE=0.085810 | LR=9.97e-04
Epoch 074 | Loss(MSE)=0.007361 | MAE=0.035243 | RMSE=0.085795 | LR=9.97e-04
Epoch 075 | Loss(MSE)=0.007363 | MAE=0.035188 | RMSE=0.085808 | LR=9.97e-04
Epoch 076 | Loss(MSE)=0.007363 | MAE=0.035221 | RMSE=0.085810 | LR=9.96e-04
Epoch 077 | Loss(MSE)=0.007362 | MAE=0.035183 | RMSE=0.085801 | LR=9.96e-04
Epoch 078 | Loss(MSE)=0.007372 | MAE=0.035148 | RMSE=0.085859 | LR=9.96e-04
Epoch 079 | Loss(MSE)=0.007363 | MAE=0.035219 | RMSE=0.085808 | LR=9.96e-04
Epoch 080 | Loss(MSE)=0.007372 | MAE=0.035165 | RMSE=0.085859 | LR=9.96e-04
Epoch 081 | Loss(MSE)=0.007362 | MAE=0.035245 | RMSE=0.085801 | LR=9.96e-04
Epoch 082 | Loss(MSE)=0.007369 | MAE=0.035203 | RMSE=0.085840 | LR=9.96e-04
Epoch 083 | Loss(MSE)=0.007355 | MAE=0.035115 | RMSE=0.085760 | LR=9.96e-04
Epoch 084 | Loss(MSE)=0.007412 | MAE=0.035698 | RMSE=0.086093 | LR=9.96e-04
Epoch 085 | Loss(MSE)=0.007359 | MAE=0.035208 | RMSE=0.085784 | LR=9.96e-04
Epoch 086 | Loss(MSE)=0.007353 | MAE=0.035208 | RMSE=0.085748 | LR=9.95e-04
Epoch 087 | Loss(MSE)=0.007361 | MAE=0.035245 | RMSE=0.085797 | LR=9.95e-04
Epoch 088 | Loss(MSE)=0.007343 | MAE=0.035107 | RMSE=0.085691 | LR=9.95e-04
Epoch 089 | Loss(MSE)=0.007359 | MAE=0.035093 | RMSE=0.085786 | LR=9.95e-04
Epoch 090 | Loss(MSE)=0.007360 | MAE=0.035299 | RMSE=0.085792 | LR=9.95e-04
Epoch 091 | Loss(MSE)=0.007360 | MAE=0.035156 | RMSE=0.085791 | LR=9.95e-04
Epoch 092 | Loss(MSE)=0.007346 | MAE=0.035134 | RMSE=0.085708 | LR=9.95e-04
Epoch 093 | Loss(MSE)=0.007355 | MAE=0.035165 | RMSE=0.085759 | LR=9.95e-04
Epoch 094 | Loss(MSE)=0.007351 | MAE=0.035203 | RMSE=0.085737 | LR=9.95e-04
Epoch 095 | Loss(MSE)=0.007346 | MAE=0.035086 | RMSE=0.085707 | LR=9.94e-04
Epoch 096 | Loss(MSE)=0.007355 | MAE=0.035143 | RMSE=0.085763 | LR=9.94e-04
Epoch 097 | Loss(MSE)=0.007357 | MAE=0.035090 | RMSE=0.085773 | LR=9.94e-04
Epoch 098 | Loss(MSE)=0.007356 | MAE=0.035281 | RMSE=0.085769 | LR=9.94e-04
Epoch 099 | Loss(MSE)=0.007350 | MAE=0.035081 | RMSE=0.085730 | LR=9.94e-04
Epoch 100 | Loss(MSE)=0.007351 | MAE=0.035107 | RMSE=0.085737 | LR=9.94e-04
Epoch 101 | Loss(MSE)=0.007370 | MAE=0.035188 | RMSE=0.085848 | LR=9.94e-04
Epoch 102 | Loss(MSE)=0.007354 | MAE=0.035216 | RMSE=0.085756 | LR=9.94e-04
Epoch 103 | Loss(MSE)=0.007354 | MAE=0.035163 | RMSE=0.085754 | LR=9.93e-04
Epoch 104 | Loss(MSE)=0.007358 | MAE=0.035042 | RMSE=0.085776 | LR=9.93e-04
Epoch 105 | Loss(MSE)=0.007352 | MAE=0.035264 | RMSE=0.085742 | LR=9.93e-04
Epoch 106 | Loss(MSE)=0.007352 | MAE=0.035108 | RMSE=0.085743 | LR=9.93e-04
Epoch 107 | Loss(MSE)=0.007356 | MAE=0.035201 | RMSE=0.085768 | LR=9.93e-04
Epoch 108 | Loss(MSE)=0.007351 | MAE=0.035160 | RMSE=0.085741 | LR=9.93e-04
Epoch 109 | Loss(MSE)=0.007346 | MAE=0.035223 | RMSE=0.085708 | LR=9.93e-04
Epoch 110 | Loss(MSE)=0.007357 | MAE=0.035117 | RMSE=0.085773 | LR=9.93e-04
Epoch 111 | Loss(MSE)=0.007355 | MAE=0.035219 | RMSE=0.085760 | LR=9.92e-04
Epoch 112 | Loss(MSE)=0.007352 | MAE=0.035089 | RMSE=0.085744 | LR=9.92e-04
Epoch 113 | Loss(MSE)=0.007359 | MAE=0.035181 | RMSE=0.085783 | LR=9.92e-04
Epoch 114 | Loss(MSE)=0.007352 | MAE=0.035097 | RMSE=0.085745 | LR=9.92e-04
Epoch 115 | Loss(MSE)=0.007356 | MAE=0.035148 | RMSE=0.085766 | LR=9.92e-04
Epoch 116 | Loss(MSE)=0.007351 | MAE=0.035209 | RMSE=0.085740 | LR=9.92e-04
Epoch 117 | Loss(MSE)=0.007347 | MAE=0.035109 | RMSE=0.085715 | LR=9.92e-04
Epoch 118 | Loss(MSE)=0.007351 | MAE=0.035084 | RMSE=0.085736 | LR=9.91e-04
Epoch 119 | Loss(MSE)=0.007351 | MAE=0.035117 | RMSE=0.085737 | LR=9.91e-04
Epoch 120 | Loss(MSE)=0.007355 | MAE=0.035186 | RMSE=0.085762 | LR=9.91e-04
Epoch 121 | Loss(MSE)=0.007352 | MAE=0.035190 | RMSE=0.085742 | LR=9.91e-04
Epoch 122 | Loss(MSE)=0.007357 | MAE=0.035158 | RMSE=0.085776 | LR=9.91e-04
Epoch 123 | Loss(MSE)=0.007355 | MAE=0.035164 | RMSE=0.085759 | LR=9.91e-04
Epoch 124 | Loss(MSE)=0.007348 | MAE=0.035180 | RMSE=0.085718 | LR=9.91e-04
Epoch 125 | Loss(MSE)=0.007356 | MAE=0.035078 | RMSE=0.085768 | LR=9.90e-04
Epoch 126 | Loss(MSE)=0.007346 | MAE=0.035125 | RMSE=0.085709 | LR=9.90e-04
Epoch 127 | Loss(MSE)=0.007342 | MAE=0.035033 | RMSE=0.085684 | LR=9.90e-04
Epoch 128 | Loss(MSE)=0.007348 | MAE=0.035259 | RMSE=0.085722 | LR=9.90e-04
Epoch 129 | Loss(MSE)=0.007345 | MAE=0.035141 | RMSE=0.085701 | LR=9.90e-04
Epoch 130 | Loss(MSE)=0.007349 | MAE=0.035125 | RMSE=0.085729 | LR=9.90e-04
Epoch 131 | Loss(MSE)=0.007344 | MAE=0.035135 | RMSE=0.085695 | LR=9.89e-04
Epoch 132 | Loss(MSE)=0.007354 | MAE=0.035212 | RMSE=0.085757 | LR=9.89e-04
Epoch 133 | Loss(MSE)=0.007352 | MAE=0.035151 | RMSE=0.085743 | LR=9.89e-04
Epoch 134 | Loss(MSE)=0.007353 | MAE=0.035132 | RMSE=0.085749 | LR=9.89e-04
Epoch 135 | Loss(MSE)=0.007345 | MAE=0.035091 | RMSE=0.085701 | LR=9.89e-04
Epoch 136 | Loss(MSE)=0.007343 | MAE=0.035209 | RMSE=0.085691 | LR=9.89e-04
Epoch 137 | Loss(MSE)=0.007347 | MAE=0.035101 | RMSE=0.085716 | LR=9.88e-04
Epoch 138 | Loss(MSE)=0.007348 | MAE=0.035140 | RMSE=0.085723 | LR=9.88e-04
Epoch 139 | Loss(MSE)=0.007356 | MAE=0.035198 | RMSE=0.085768 | LR=9.88e-04
Epoch 140 | Loss(MSE)=0.007354 | MAE=0.035138 | RMSE=0.085754 | LR=9.88e-04
Epoch 141 | Loss(MSE)=0.007350 | MAE=0.035133 | RMSE=0.085734 | LR=9.88e-04
Epoch 142 | Loss(MSE)=0.007356 | MAE=0.035130 | RMSE=0.085769 | LR=9.88e-04
Epoch 143 | Loss(MSE)=0.007360 | MAE=0.035206 | RMSE=0.085792 | LR=9.87e-04
Epoch 144 | Loss(MSE)=0.007353 | MAE=0.035085 | RMSE=0.085752 | LR=9.87e-04
Epoch 145 | Loss(MSE)=0.007354 | MAE=0.035150 | RMSE=0.085757 | LR=9.87e-04
Epoch 146 | Loss(MSE)=0.007352 | MAE=0.035081 | RMSE=0.085742 | LR=9.87e-04
Epoch 147 | Loss(MSE)=0.007364 | MAE=0.035281 | RMSE=0.085817 | LR=9.87e-04
Epoch 148 | Loss(MSE)=0.007354 | MAE=0.035150 | RMSE=0.085754 | LR=9.87e-04
Epoch 149 | Loss(MSE)=0.007357 | MAE=0.035070 | RMSE=0.085774 | LR=9.86e-04
Epoch 150 | Loss(MSE)=0.007351 | MAE=0.035153 | RMSE=0.085740 | LR=9.86e-04
Epoch 151 | Loss(MSE)=0.007362 | MAE=0.035210 | RMSE=0.085803 | LR=9.86e-04
Epoch 152 | Loss(MSE)=0.007347 | MAE=0.035166 | RMSE=0.085717 | LR=9.86e-04
Epoch 153 | Loss(MSE)=0.007348 | MAE=0.035127 | RMSE=0.085723 | LR=9.86e-04
Epoch 154 | Loss(MSE)=0.007353 | MAE=0.035203 | RMSE=0.085749 | LR=9.85e-04
Epoch 155 | Loss(MSE)=0.007345 | MAE=0.035129 | RMSE=0.085705 | LR=9.85e-04
Epoch 156 | Loss(MSE)=0.007346 | MAE=0.035153 | RMSE=0.085711 | LR=9.85e-04
Epoch 157 | Loss(MSE)=0.007345 | MAE=0.035163 | RMSE=0.085702 | LR=9.85e-04
Epoch 158 | Loss(MSE)=0.007354 | MAE=0.035355 | RMSE=0.085756 | LR=9.85e-04
Epoch 159 | Loss(MSE)=0.007354 | MAE=0.035222 | RMSE=0.085757 | LR=9.85e-04
Epoch 160 | Loss(MSE)=0.007348 | MAE=0.035257 | RMSE=0.085720 | LR=9.84e-04
Epoch 161 | Loss(MSE)=0.007348 | MAE=0.035215 | RMSE=0.085723 | LR=9.84e-04
Epoch 162 | Loss(MSE)=0.007350 | MAE=0.035105 | RMSE=0.085731 | LR=9.84e-04
Epoch 163 | Loss(MSE)=0.007348 | MAE=0.035175 | RMSE=0.085722 | LR=9.84e-04
Epoch 164 | Loss(MSE)=0.007357 | MAE=0.035089 | RMSE=0.085773 | LR=9.84e-04
Epoch 165 | Loss(MSE)=0.007364 | MAE=0.035518 | RMSE=0.085812 | LR=9.83e-04
Epoch 166 | Loss(MSE)=0.007360 | MAE=0.035195 | RMSE=0.085789 | LR=9.83e-04
Epoch 167 | Loss(MSE)=0.007358 | MAE=0.035230 | RMSE=0.085777 | LR=9.83e-04
Epoch 168 | Loss(MSE)=0.007353 | MAE=0.035065 | RMSE=0.085750 | LR=9.83e-04
Epoch 169 | Loss(MSE)=0.007350 | MAE=0.035227 | RMSE=0.085733 | LR=9.83e-04
Epoch 170 | Loss(MSE)=0.007354 | MAE=0.035140 | RMSE=0.085753 | LR=9.82e-04
Epoch 171 | Loss(MSE)=0.007361 | MAE=0.035146 | RMSE=0.085796 | LR=9.82e-04
Epoch 172 | Loss(MSE)=0.007354 | MAE=0.035261 | RMSE=0.085757 | LR=9.82e-04
Epoch 173 | Loss(MSE)=0.007352 | MAE=0.035205 | RMSE=0.085744 | LR=9.82e-04
Epoch 174 | Loss(MSE)=0.007344 | MAE=0.035046 | RMSE=0.085699 | LR=9.81e-04
Epoch 175 | Loss(MSE)=0.007345 | MAE=0.035146 | RMSE=0.085701 | LR=9.81e-04
Epoch 176 | Loss(MSE)=0.007358 | MAE=0.035249 | RMSE=0.085776 | LR=9.81e-04
Epoch 177 | Loss(MSE)=0.007364 | MAE=0.035142 | RMSE=0.085813 | LR=9.81e-04
Epoch 178 | Loss(MSE)=0.007346 | MAE=0.035130 | RMSE=0.085707 | LR=9.81e-04
Epoch 179 | Loss(MSE)=0.007350 | MAE=0.035155 | RMSE=0.085735 | LR=9.80e-04
Epoch 180 | Loss(MSE)=0.007349 | MAE=0.035078 | RMSE=0.085727 | LR=9.80e-04
Epoch 181 | Loss(MSE)=0.007351 | MAE=0.035156 | RMSE=0.085741 | LR=9.80e-04
Epoch 182 | Loss(MSE)=0.007351 | MAE=0.035095 | RMSE=0.085736 | LR=9.80e-04
Epoch 183 | Loss(MSE)=0.007360 | MAE=0.035236 | RMSE=0.085790 | LR=9.80e-04
Epoch 184 | Loss(MSE)=0.007355 | MAE=0.035206 | RMSE=0.085760 | LR=9.79e-04
Epoch 185 | Loss(MSE)=0.007346 | MAE=0.035159 | RMSE=0.085707 | LR=9.79e-04
Epoch 186 | Loss(MSE)=0.007352 | MAE=0.035138 | RMSE=0.085745 | LR=9.79e-04
Epoch 187 | Loss(MSE)=0.007355 | MAE=0.035317 | RMSE=0.085759 | LR=9.79e-04
Epoch 188 | Loss(MSE)=0.007351 | MAE=0.035053 | RMSE=0.085736 | LR=9.78e-04
Epoch 189 | Loss(MSE)=0.007356 | MAE=0.035115 | RMSE=0.085767 | LR=9.78e-04
Epoch 190 | Loss(MSE)=0.007343 | MAE=0.035172 | RMSE=0.085691 | LR=9.78e-04
Epoch 191 | Loss(MSE)=0.007346 | MAE=0.035099 | RMSE=0.085709 | LR=9.78e-04
Epoch 192 | Loss(MSE)=0.007359 | MAE=0.035233 | RMSE=0.085787 | LR=9.77e-04
Epoch 193 | Loss(MSE)=0.007352 | MAE=0.035211 | RMSE=0.085746 | LR=9.77e-04
Epoch 194 | Loss(MSE)=0.007360 | MAE=0.035067 | RMSE=0.085791 | LR=9.77e-04
Epoch 195 | Loss(MSE)=0.007349 | MAE=0.035181 | RMSE=0.085725 | LR=9.77e-04
Epoch 196 | Loss(MSE)=0.007353 | MAE=0.035100 | RMSE=0.085750 | LR=9.77e-04
Epoch 197 | Loss(MSE)=0.007351 | MAE=0.035146 | RMSE=0.085736 | LR=9.76e-04
Epoch 198 | Loss(MSE)=0.007349 | MAE=0.035105 | RMSE=0.085727 | LR=9.76e-04
Epoch 199 | Loss(MSE)=0.007352 | MAE=0.035198 | RMSE=0.085746 | LR=9.76e-04
Epoch 200 | Loss(MSE)=0.007346 | MAE=0.035054 | RMSE=0.085708 | LR=9.76e-04
Epoch 201 | Loss(MSE)=0.007356 | MAE=0.035319 | RMSE=0.085765 | LR=9.75e-04
Epoch 202 | Loss(MSE)=0.007346 | MAE=0.035148 | RMSE=0.085711 | LR=9.75e-04
Epoch 203 | Loss(MSE)=0.007353 | MAE=0.035168 | RMSE=0.085749 | LR=9.75e-04
Epoch 204 | Loss(MSE)=0.007351 | MAE=0.035120 | RMSE=0.085739 | LR=9.75e-04
Epoch 205 | Loss(MSE)=0.007349 | MAE=0.035197 | RMSE=0.085727 | LR=9.74e-04
Epoch 206 | Loss(MSE)=0.007345 | MAE=0.035154 | RMSE=0.085704 | LR=9.74e-04
Epoch 207 | Loss(MSE)=0.007357 | MAE=0.035152 | RMSE=0.085772 | LR=9.74e-04
Epoch 208 | Loss(MSE)=0.007350 | MAE=0.035249 | RMSE=0.085732 | LR=9.74e-04
Epoch 209 | Loss(MSE)=0.007349 | MAE=0.035149 | RMSE=0.085727 | LR=9.73e-04
Epoch 210 | Loss(MSE)=0.007353 | MAE=0.035103 | RMSE=0.085752 | LR=9.73e-04
Epoch 211 | Loss(MSE)=0.007352 | MAE=0.035134 | RMSE=0.085746 | LR=9.73e-04
Epoch 212 | Loss(MSE)=0.007358 | MAE=0.035055 | RMSE=0.085781 | LR=9.73e-04
Epoch 213 | Loss(MSE)=0.007354 | MAE=0.035153 | RMSE=0.085755 | LR=9.72e-04
Epoch 214 | Loss(MSE)=0.007352 | MAE=0.035225 | RMSE=0.085745 | LR=9.72e-04
Epoch 215 | Loss(MSE)=0.007343 | MAE=0.035272 | RMSE=0.085694 | LR=9.72e-04
Epoch 216 | Loss(MSE)=0.007352 | MAE=0.035171 | RMSE=0.085742 | LR=9.72e-04
Epoch 217 | Loss(MSE)=0.007358 | MAE=0.035178 | RMSE=0.085778 | LR=9.71e-04
Epoch 218 | Loss(MSE)=0.007356 | MAE=0.035182 | RMSE=0.085767 | LR=9.71e-04
Epoch 219 | Loss(MSE)=0.007356 | MAE=0.035284 | RMSE=0.085767 | LR=9.71e-04
Epoch 220 | Loss(MSE)=0.007352 | MAE=0.035061 | RMSE=0.085745 | LR=9.70e-04
Epoch 221 | Loss(MSE)=0.007355 | MAE=0.035210 | RMSE=0.085761 | LR=9.70e-04
Epoch 222 | Loss(MSE)=0.007355 | MAE=0.035255 | RMSE=0.085759 | LR=9.70e-04
Epoch 223 | Loss(MSE)=0.007357 | MAE=0.035124 | RMSE=0.085775 | LR=9.70e-04
Epoch 224 | Loss(MSE)=0.007349 | MAE=0.035052 | RMSE=0.085724 | LR=9.69e-04
Epoch 225 | Loss(MSE)=0.007351 | MAE=0.035206 | RMSE=0.085737 | LR=9.69e-04
Epoch 226 | Loss(MSE)=0.007357 | MAE=0.035146 | RMSE=0.085771 | LR=9.69e-04
Epoch 227 | Loss(MSE)=0.007357 | MAE=0.035171 | RMSE=0.085775 | LR=9.69e-04
Epoch 228 | Loss(MSE)=0.007354 | MAE=0.035276 | RMSE=0.085757 | LR=9.68e-04
Epoch 229 | Loss(MSE)=0.007348 | MAE=0.035268 | RMSE=0.085718 | LR=9.68e-04
Epoch 230 | Loss(MSE)=0.007358 | MAE=0.035064 | RMSE=0.085776 | LR=9.68e-04
Epoch 231 | Loss(MSE)=0.007348 | MAE=0.035186 | RMSE=0.085719 | LR=9.67e-04
Epoch 232 | Loss(MSE)=0.007350 | MAE=0.035203 | RMSE=0.085730 | LR=9.67e-04
Epoch 233 | Loss(MSE)=0.007343 | MAE=0.035165 | RMSE=0.085690 | LR=9.67e-04
Epoch 234 | Loss(MSE)=0.007354 | MAE=0.035122 | RMSE=0.085753 | LR=9.67e-04
Epoch 235 | Loss(MSE)=0.007343 | MAE=0.035146 | RMSE=0.085693 | LR=9.66e-04
Epoch 236 | Loss(MSE)=0.007355 | MAE=0.035244 | RMSE=0.085761 | LR=9.66e-04
Epoch 237 | Loss(MSE)=0.007340 | MAE=0.035155 | RMSE=0.085675 | LR=9.66e-04
Epoch 238 | Loss(MSE)=0.007354 | MAE=0.035048 | RMSE=0.085754 | LR=9.65e-04
Epoch 239 | Loss(MSE)=0.007351 | MAE=0.035174 | RMSE=0.085735 | LR=9.65e-04
Epoch 240 | Loss(MSE)=0.007356 | MAE=0.035122 | RMSE=0.085767 | LR=9.65e-04
Epoch 241 | Loss(MSE)=0.007350 | MAE=0.035282 | RMSE=0.085732 | LR=9.65e-04
Epoch 242 | Loss(MSE)=0.007356 | MAE=0.035212 | RMSE=0.085767 | LR=9.64e-04
Epoch 243 | Loss(MSE)=0.007342 | MAE=0.035075 | RMSE=0.085684 | LR=9.64e-04
Epoch 244 | Loss(MSE)=0.007348 | MAE=0.035218 | RMSE=0.085719 | LR=9.64e-04
Epoch 245 | Loss(MSE)=0.007348 | MAE=0.035072 | RMSE=0.085722 | LR=9.63e-04
Epoch 246 | Loss(MSE)=0.007345 | MAE=0.035182 | RMSE=0.085705 | LR=9.63e-04
Epoch 247 | Loss(MSE)=0.007353 | MAE=0.035233 | RMSE=0.085751 | LR=9.63e-04
Epoch 248 | Loss(MSE)=0.007342 | MAE=0.035020 | RMSE=0.085688 | LR=9.63e-04
Epoch 249 | Loss(MSE)=0.007347 | MAE=0.035232 | RMSE=0.085714 | LR=9.62e-04
Epoch 250 | Loss(MSE)=0.007358 | MAE=0.035206 | RMSE=0.085779 | LR=9.62e-04
Epoch 251 | Loss(MSE)=0.007348 | MAE=0.035122 | RMSE=0.085721 | LR=9.62e-04
Epoch 252 | Loss(MSE)=0.007345 | MAE=0.035092 | RMSE=0.085702 | LR=9.61e-04
Epoch 253 | Loss(MSE)=0.007344 | MAE=0.035193 | RMSE=0.085698 | LR=9.61e-04
Epoch 254 | Loss(MSE)=0.007354 | MAE=0.035149 | RMSE=0.085755 | LR=9.61e-04
Epoch 255 | Loss(MSE)=0.007343 | MAE=0.035121 | RMSE=0.085694 | LR=9.60e-04
Epoch 256 | Loss(MSE)=0.007356 | MAE=0.035112 | RMSE=0.085767 | LR=9.60e-04
Epoch 257 | Loss(MSE)=0.007356 | MAE=0.035246 | RMSE=0.085768 | LR=9.60e-04
Epoch 258 | Loss(MSE)=0.007354 | MAE=0.035090 | RMSE=0.085758 | LR=9.60e-04
Epoch 259 | Loss(MSE)=0.007350 | MAE=0.035160 | RMSE=0.085730 | LR=9.59e-04
Epoch 260 | Loss(MSE)=0.007343 | MAE=0.035159 | RMSE=0.085694 | LR=9.59e-04
Epoch 261 | Loss(MSE)=0.007341 | MAE=0.035177 | RMSE=0.085682 | LR=9.59e-04
Epoch 262 | Loss(MSE)=0.007347 | MAE=0.035175 | RMSE=0.085717 | LR=9.58e-04
Epoch 263 | Loss(MSE)=0.007354 | MAE=0.035099 | RMSE=0.085757 | LR=9.58e-04
Epoch 264 | Loss(MSE)=0.007346 | MAE=0.035195 | RMSE=0.085710 | LR=9.58e-04
Epoch 265 | Loss(MSE)=0.007347 | MAE=0.035088 | RMSE=0.085713 | LR=9.57e-04
Epoch 266 | Loss(MSE)=0.007350 | MAE=0.035182 | RMSE=0.085732 | LR=9.57e-04
Epoch 267 | Loss(MSE)=0.007347 | MAE=0.035223 | RMSE=0.085715 | LR=9.57e-04
Epoch 268 | Loss(MSE)=0.007358 | MAE=0.035233 | RMSE=0.085781 | LR=9.56e-04
Epoch 269 | Loss(MSE)=0.007345 | MAE=0.035283 | RMSE=0.085705 | LR=9.56e-04
Epoch 270 | Loss(MSE)=0.007348 | MAE=0.035129 | RMSE=0.085718 | LR=9.56e-04
Epoch 271 | Loss(MSE)=0.007349 | MAE=0.035118 | RMSE=0.085729 | LR=9.55e-04
Epoch 272 | Loss(MSE)=0.007363 | MAE=0.035155 | RMSE=0.085810 | LR=9.55e-04
Epoch 273 | Loss(MSE)=0.007345 | MAE=0.035119 | RMSE=0.085702 | LR=9.55e-04
Epoch 274 | Loss(MSE)=0.007352 | MAE=0.035158 | RMSE=0.085744 | LR=9.54e-04
Epoch 275 | Loss(MSE)=0.007353 | MAE=0.035155 | RMSE=0.085751 | LR=9.54e-04
Epoch 276 | Loss(MSE)=0.007356 | MAE=0.035259 | RMSE=0.085764 | LR=9.54e-04
Epoch 277 | Loss(MSE)=0.007351 | MAE=0.035105 | RMSE=0.085736 | LR=9.53e-04
Epoch 278 | Loss(MSE)=0.007357 | MAE=0.035269 | RMSE=0.085770 | LR=9.53e-04
Epoch 279 | Loss(MSE)=0.007343 | MAE=0.035199 | RMSE=0.085689 | LR=9.53e-04
Epoch 280 | Loss(MSE)=0.007357 | MAE=0.035196 | RMSE=0.085775 | LR=9.52e-04
Epoch 281 | Loss(MSE)=0.007354 | MAE=0.035084 | RMSE=0.085755 | LR=9.52e-04
Epoch 282 | Loss(MSE)=0.007346 | MAE=0.035010 | RMSE=0.085711 | LR=9.52e-04
Epoch 283 | Loss(MSE)=0.007358 | MAE=0.035290 | RMSE=0.085777 | LR=9.51e-04
Epoch 284 | Loss(MSE)=0.007351 | MAE=0.035214 | RMSE=0.085737 | LR=9.51e-04
Epoch 285 | Loss(MSE)=0.007355 | MAE=0.035104 | RMSE=0.085763 | LR=9.51e-04
Epoch 286 | Loss(MSE)=0.007349 | MAE=0.035232 | RMSE=0.085728 | LR=9.50e-04
Epoch 287 | Loss(MSE)=0.007354 | MAE=0.035225 | RMSE=0.085753 | LR=9.50e-04
Epoch 288 | Loss(MSE)=0.007348 | MAE=0.035042 | RMSE=0.085720 | LR=9.50e-04
Epoch 289 | Loss(MSE)=0.007351 | MAE=0.035131 | RMSE=0.085738 | LR=9.49e-04
Epoch 290 | Loss(MSE)=0.007350 | MAE=0.035155 | RMSE=0.085730 | LR=9.49e-04
Epoch 291 | Loss(MSE)=0.007352 | MAE=0.035188 | RMSE=0.085742 | LR=9.49e-04
Epoch 292 | Loss(MSE)=0.007358 | MAE=0.035163 | RMSE=0.085781 | LR=9.48e-04
Epoch 293 | Loss(MSE)=0.007349 | MAE=0.035218 | RMSE=0.085723 | LR=9.48e-04
Epoch 294 | Loss(MSE)=0.007348 | MAE=0.035089 | RMSE=0.085722 | LR=9.48e-04
Epoch 295 | Loss(MSE)=0.007351 | MAE=0.035236 | RMSE=0.085740 | LR=9.47e-04
Epoch 296 | Loss(MSE)=0.007358 | MAE=0.035145 | RMSE=0.085778 | LR=9.47e-04
Epoch 297 | Loss(MSE)=0.007343 | MAE=0.035117 | RMSE=0.085690 | LR=9.47e-04
Epoch 298 | Loss(MSE)=0.007351 | MAE=0.035236 | RMSE=0.085736 | LR=9.46e-04
Epoch 299 | Loss(MSE)=0.007350 | MAE=0.035052 | RMSE=0.085729 | LR=9.46e-04
Epoch 300 | Loss(MSE)=0.007352 | MAE=0.035184 | RMSE=0.085743 | LR=9.46e-04
Epoch 301 | Loss(MSE)=0.007350 | MAE=0.035073 | RMSE=0.085731 | LR=9.45e-04
Epoch 302 | Loss(MSE)=0.007349 | MAE=0.035172 | RMSE=0.085726 | LR=9.45e-04
Epoch 303 | Loss(MSE)=0.007347 | MAE=0.035145 | RMSE=0.085712 | LR=9.44e-04
Epoch 304 | Loss(MSE)=0.007347 | MAE=0.035084 | RMSE=0.085717 | LR=9.44e-04
Epoch 305 | Loss(MSE)=0.007353 | MAE=0.035023 | RMSE=0.085752 | LR=9.44e-04
Epoch 306 | Loss(MSE)=0.007345 | MAE=0.035084 | RMSE=0.085702 | LR=9.43e-04
Epoch 307 | Loss(MSE)=0.007359 | MAE=0.035223 | RMSE=0.085785 | LR=9.43e-04
Epoch 308 | Loss(MSE)=0.007355 | MAE=0.035179 | RMSE=0.085763 | LR=9.43e-04
Epoch 309 | Loss(MSE)=0.007356 | MAE=0.035093 | RMSE=0.085767 | LR=9.42e-04
Epoch 310 | Loss(MSE)=0.007356 | MAE=0.035217 | RMSE=0.085770 | LR=9.42e-04
Epoch 311 | Loss(MSE)=0.007346 | MAE=0.035141 | RMSE=0.085706 | LR=9.42e-04
Epoch 312 | Loss(MSE)=0.007337 | MAE=0.035115 | RMSE=0.085653 | LR=9.41e-04
Epoch 313 | Loss(MSE)=0.007360 | MAE=0.035115 | RMSE=0.085793 | LR=9.41e-04
Epoch 314 | Loss(MSE)=0.007352 | MAE=0.035104 | RMSE=0.085742 | LR=9.40e-04
Epoch 315 | Loss(MSE)=0.007342 | MAE=0.035173 | RMSE=0.085687 | LR=9.40e-04
Epoch 316 | Loss(MSE)=0.007350 | MAE=0.035118 | RMSE=0.085730 | LR=9.40e-04
Epoch 317 | Loss(MSE)=0.007340 | MAE=0.035142 | RMSE=0.085673 | LR=9.39e-04
Epoch 318 | Loss(MSE)=0.007354 | MAE=0.035128 | RMSE=0.085754 | LR=9.39e-04
Epoch 319 | Loss(MSE)=0.007354 | MAE=0.035089 | RMSE=0.085758 | LR=9.39e-04
Epoch 320 | Loss(MSE)=0.007357 | MAE=0.035266 | RMSE=0.085775 | LR=9.38e-04
Epoch 321 | Loss(MSE)=0.007347 | MAE=0.035128 | RMSE=0.085713 | LR=9.38e-04
Epoch 322 | Loss(MSE)=0.007358 | MAE=0.035107 | RMSE=0.085777 | LR=9.37e-04
Epoch 323 | Loss(MSE)=0.007350 | MAE=0.035299 | RMSE=0.085732 | LR=9.37e-04
Epoch 324 | Loss(MSE)=0.007358 | MAE=0.035185 | RMSE=0.085777 | LR=9.37e-04
Epoch 325 | Loss(MSE)=0.007349 | MAE=0.035124 | RMSE=0.085728 | LR=9.36e-04
Epoch 326 | Loss(MSE)=0.007341 | MAE=0.035123 | RMSE=0.085679 | LR=9.36e-04
Epoch 327 | Loss(MSE)=0.007360 | MAE=0.035357 | RMSE=0.085791 | LR=9.36e-04
Epoch 328 | Loss(MSE)=0.007345 | MAE=0.035094 | RMSE=0.085705 | LR=9.35e-04
Epoch 329 | Loss(MSE)=0.007352 | MAE=0.035236 | RMSE=0.085746 | LR=9.35e-04
Epoch 330 | Loss(MSE)=0.007343 | MAE=0.035112 | RMSE=0.085691 | LR=9.34e-04
Epoch 331 | Loss(MSE)=0.007349 | MAE=0.035169 | RMSE=0.085726 | LR=9.34e-04
Epoch 332 | Loss(MSE)=0.007351 | MAE=0.035133 | RMSE=0.085737 | LR=9.34e-04
Epoch 333 | Loss(MSE)=0.007350 | MAE=0.035222 | RMSE=0.085731 | LR=9.33e-04
Epoch 334 | Loss(MSE)=0.007356 | MAE=0.035110 | RMSE=0.085766 | LR=9.33e-04
Epoch 335 | Loss(MSE)=0.007354 | MAE=0.035103 | RMSE=0.085758 | LR=9.32e-04
Epoch 336 | Loss(MSE)=0.007357 | MAE=0.035062 | RMSE=0.085771 | LR=9.32e-04
Epoch 337 | Loss(MSE)=0.007354 | MAE=0.035264 | RMSE=0.085757 | LR=9.32e-04
Epoch 338 | Loss(MSE)=0.007351 | MAE=0.035132 | RMSE=0.085739 | LR=9.31e-04
Epoch 339 | Loss(MSE)=0.007355 | MAE=0.035247 | RMSE=0.085759 | LR=9.31e-04
Epoch 340 | Loss(MSE)=0.007358 | MAE=0.035170 | RMSE=0.085776 | LR=9.30e-04
Epoch 341 | Loss(MSE)=0.007352 | MAE=0.035183 | RMSE=0.085741 | LR=9.30e-04
Epoch 342 | Loss(MSE)=0.007353 | MAE=0.035099 | RMSE=0.085747 | LR=9.30e-04
Epoch 343 | Loss(MSE)=0.007352 | MAE=0.035242 | RMSE=0.085746 | LR=9.29e-04
Epoch 344 | Loss(MSE)=0.007350 | MAE=0.035128 | RMSE=0.085732 | LR=9.29e-04
Epoch 345 | Loss(MSE)=0.007354 | MAE=0.035079 | RMSE=0.085753 | LR=9.28e-04
Epoch 346 | Loss(MSE)=0.007362 | MAE=0.035215 | RMSE=0.085800 | LR=9.28e-04
Epoch 347 | Loss(MSE)=0.007341 | MAE=0.035188 | RMSE=0.085678 | LR=9.28e-04
Epoch 348 | Loss(MSE)=0.007353 | MAE=0.035233 | RMSE=0.085747 | LR=9.27e-04
Epoch 349 | Loss(MSE)=0.007350 | MAE=0.035123 | RMSE=0.085733 | LR=9.27e-04
Epoch 350 | Loss(MSE)=0.007344 | MAE=0.035134 | RMSE=0.085700 | LR=9.26e-04
Epoch 351 | Loss(MSE)=0.007344 | MAE=0.035080 | RMSE=0.085695 | LR=9.26e-04
Epoch 352 | Loss(MSE)=0.007347 | MAE=0.035067 | RMSE=0.085716 | LR=9.26e-04
Epoch 353 | Loss(MSE)=0.007350 | MAE=0.035062 | RMSE=0.085730 | LR=9.25e-04
Epoch 354 | Loss(MSE)=0.007356 | MAE=0.035200 | RMSE=0.085770 | LR=9.25e-04
Epoch 355 | Loss(MSE)=0.007351 | MAE=0.035118 | RMSE=0.085739 | LR=9.24e-04
Epoch 356 | Loss(MSE)=0.007354 | MAE=0.035229 | RMSE=0.085757 | LR=9.24e-04
Epoch 357 | Loss(MSE)=0.007345 | MAE=0.035171 | RMSE=0.085705 | LR=9.23e-04
Epoch 358 | Loss(MSE)=0.007330 | MAE=0.035050 | RMSE=0.085613 | LR=9.23e-04
Epoch 359 | Loss(MSE)=0.007349 | MAE=0.035174 | RMSE=0.085729 | LR=9.23e-04
Epoch 360 | Loss(MSE)=0.007351 | MAE=0.035152 | RMSE=0.085739 | LR=9.22e-04
Epoch 361 | Loss(MSE)=0.007349 | MAE=0.035109 | RMSE=0.085728 | LR=9.22e-04
Epoch 362 | Loss(MSE)=0.007356 | MAE=0.035242 | RMSE=0.085766 | LR=9.21e-04
Epoch 363 | Loss(MSE)=0.007352 | MAE=0.035270 | RMSE=0.085746 | LR=9.21e-04
Epoch 364 | Loss(MSE)=0.007355 | MAE=0.035083 | RMSE=0.085759 | LR=9.21e-04
Epoch 365 | Loss(MSE)=0.007344 | MAE=0.035007 | RMSE=0.085696 | LR=9.20e-04
Epoch 366 | Loss(MSE)=0.007352 | MAE=0.035148 | RMSE=0.085745 | LR=9.20e-04
Epoch 367 | Loss(MSE)=0.007350 | MAE=0.035224 | RMSE=0.085733 | LR=9.19e-04
Epoch 368 | Loss(MSE)=0.007357 | MAE=0.035057 | RMSE=0.085774 | LR=9.19e-04
Epoch 369 | Loss(MSE)=0.007349 | MAE=0.035078 | RMSE=0.085725 | LR=9.18e-04
Epoch 370 | Loss(MSE)=0.007345 | MAE=0.035137 | RMSE=0.085701 | LR=9.18e-04
Epoch 371 | Loss(MSE)=0.007349 | MAE=0.035178 | RMSE=0.085724 | LR=9.18e-04
Epoch 372 | Loss(MSE)=0.007355 | MAE=0.035133 | RMSE=0.085760 | LR=9.17e-04
Epoch 373 | Loss(MSE)=0.007365 | MAE=0.035172 | RMSE=0.085818 | LR=9.17e-04
Epoch 374 | Loss(MSE)=0.007358 | MAE=0.035022 | RMSE=0.085778 | LR=9.16e-04
Epoch 375 | Loss(MSE)=0.007345 | MAE=0.035001 | RMSE=0.085702 | LR=9.16e-04
Epoch 376 | Loss(MSE)=0.007349 | MAE=0.035226 | RMSE=0.085729 | LR=9.15e-04
Epoch 377 | Loss(MSE)=0.007346 | MAE=0.035171 | RMSE=0.085710 | LR=9.15e-04
Epoch 378 | Loss(MSE)=0.007341 | MAE=0.035082 | RMSE=0.085678 | LR=9.15e-04
Epoch 379 | Loss(MSE)=0.007354 | MAE=0.035050 | RMSE=0.085754 | LR=9.14e-04
Epoch 380 | Loss(MSE)=0.007350 | MAE=0.035242 | RMSE=0.085732 | LR=9.14e-04
Epoch 381 | Loss(MSE)=0.007345 | MAE=0.035054 | RMSE=0.085704 | LR=9.13e-04
Epoch 382 | Loss(MSE)=0.007351 | MAE=0.035125 | RMSE=0.085740 | LR=9.13e-04
Epoch 383 | Loss(MSE)=0.007347 | MAE=0.035077 | RMSE=0.085713 | LR=9.12e-04
Epoch 384 | Loss(MSE)=0.007355 | MAE=0.035109 | RMSE=0.085760 | LR=9.12e-04
Epoch 385 | Loss(MSE)=0.007358 | MAE=0.035174 | RMSE=0.085780 | LR=9.11e-04
Epoch 386 | Loss(MSE)=0.007349 | MAE=0.035160 | RMSE=0.085729 | LR=9.11e-04
Epoch 387 | Loss(MSE)=0.007356 | MAE=0.035198 | RMSE=0.085765 | LR=9.11e-04
Epoch 388 | Loss(MSE)=0.007352 | MAE=0.035098 | RMSE=0.085745 | LR=9.10e-04
Epoch 389 | Loss(MSE)=0.007347 | MAE=0.035106 | RMSE=0.085717 | LR=9.10e-04
Epoch 390 | Loss(MSE)=0.007346 | MAE=0.035099 | RMSE=0.085710 | LR=9.09e-04
Epoch 391 | Loss(MSE)=0.007342 | MAE=0.035138 | RMSE=0.085684 | LR=9.09e-04
Epoch 392 | Loss(MSE)=0.007363 | MAE=0.035156 | RMSE=0.085805 | LR=9.08e-04
Epoch 393 | Loss(MSE)=0.007338 | MAE=0.035056 | RMSE=0.085663 | LR=9.08e-04
Epoch 394 | Loss(MSE)=0.007352 | MAE=0.035093 | RMSE=0.085741 | LR=9.07e-04
Epoch 395 | Loss(MSE)=0.007355 | MAE=0.035144 | RMSE=0.085760 | LR=9.07e-04
Epoch 396 | Loss(MSE)=0.007349 | MAE=0.035061 | RMSE=0.085723 | LR=9.06e-04
Epoch 397 | Loss(MSE)=0.007353 | MAE=0.035159 | RMSE=0.085751 | LR=9.06e-04
Epoch 398 | Loss(MSE)=0.007348 | MAE=0.035081 | RMSE=0.085719 | LR=9.06e-04
Epoch 399 | Loss(MSE)=0.007349 | MAE=0.035173 | RMSE=0.085728 | LR=9.05e-04
Epoch 400 | Loss(MSE)=0.007355 | MAE=0.035266 | RMSE=0.085759 | LR=9.05e-04
Epoch 401 | Loss(MSE)=0.007357 | MAE=0.035148 | RMSE=0.085775 | LR=9.04e-04
Epoch 402 | Loss(MSE)=0.007355 | MAE=0.035190 | RMSE=0.085762 | LR=9.04e-04
Epoch 403 | Loss(MSE)=0.007342 | MAE=0.035016 | RMSE=0.085685 | LR=9.03e-04
Epoch 404 | Loss(MSE)=0.007350 | MAE=0.035084 | RMSE=0.085733 | LR=9.03e-04
Epoch 405 | Loss(MSE)=0.007343 | MAE=0.035203 | RMSE=0.085689 | LR=9.02e-04
Epoch 406 | Loss(MSE)=0.007352 | MAE=0.035222 | RMSE=0.085744 | LR=9.02e-04
Epoch 407 | Loss(MSE)=0.007346 | MAE=0.035171 | RMSE=0.085710 | LR=9.01e-04
Epoch 408 | Loss(MSE)=0.007353 | MAE=0.035066 | RMSE=0.085752 | LR=9.01e-04
Epoch 409 | Loss(MSE)=0.007346 | MAE=0.035093 | RMSE=0.085709 | LR=9.00e-04
Epoch 410 | Loss(MSE)=0.007348 | MAE=0.035168 | RMSE=0.085720 | LR=9.00e-04
Epoch 411 | Loss(MSE)=0.007352 | MAE=0.035132 | RMSE=0.085744 | LR=8.99e-04
Epoch 412 | Loss(MSE)=0.007347 | MAE=0.035111 | RMSE=0.085712 | LR=8.99e-04
Epoch 413 | Loss(MSE)=0.007353 | MAE=0.035162 | RMSE=0.085752 | LR=8.99e-04
Epoch 414 | Loss(MSE)=0.007356 | MAE=0.035126 | RMSE=0.085769 | LR=8.98e-04
Epoch 415 | Loss(MSE)=0.007351 | MAE=0.035071 | RMSE=0.085737 | LR=8.98e-04
Epoch 416 | Loss(MSE)=0.007349 | MAE=0.035186 | RMSE=0.085727 | LR=8.97e-04
Epoch 417 | Loss(MSE)=0.007352 | MAE=0.035077 | RMSE=0.085744 | LR=8.97e-04
Epoch 418 | Loss(MSE)=0.007347 | MAE=0.035076 | RMSE=0.085713 | LR=8.96e-04
Epoch 419 | Loss(MSE)=0.007354 | MAE=0.035140 | RMSE=0.085757 | LR=8.96e-04
Epoch 420 | Loss(MSE)=0.007351 | MAE=0.035052 | RMSE=0.085740 | LR=8.95e-04
Epoch 421 | Loss(MSE)=0.007346 | MAE=0.035171 | RMSE=0.085711 | LR=8.95e-04
Epoch 422 | Loss(MSE)=0.007349 | MAE=0.035238 | RMSE=0.085728 | LR=8.94e-04
Epoch 423 | Loss(MSE)=0.007342 | MAE=0.035076 | RMSE=0.085685 | LR=8.94e-04
Epoch 424 | Loss(MSE)=0.007353 | MAE=0.035206 | RMSE=0.085749 | LR=8.93e-04
Epoch 425 | Loss(MSE)=0.007354 | MAE=0.035064 | RMSE=0.085758 | LR=8.93e-04
Epoch 426 | Loss(MSE)=0.007351 | MAE=0.035054 | RMSE=0.085740 | LR=8.92e-04
Epoch 427 | Loss(MSE)=0.007340 | MAE=0.035120 | RMSE=0.085672 | LR=8.92e-04
Epoch 428 | Loss(MSE)=0.007345 | MAE=0.035197 | RMSE=0.085703 | LR=8.91e-04
Epoch 429 | Loss(MSE)=0.007346 | MAE=0.035013 | RMSE=0.085710 | LR=8.91e-04
Epoch 430 | Loss(MSE)=0.007350 | MAE=0.035186 | RMSE=0.085734 | LR=8.90e-04
Epoch 431 | Loss(MSE)=0.007352 | MAE=0.035137 | RMSE=0.085746 | LR=8.90e-04
Epoch 432 | Loss(MSE)=0.007357 | MAE=0.035070 | RMSE=0.085774 | LR=8.89e-04
Epoch 433 | Loss(MSE)=0.007345 | MAE=0.035123 | RMSE=0.085704 | LR=8.89e-04
Epoch 434 | Loss(MSE)=0.007349 | MAE=0.035108 | RMSE=0.085727 | LR=8.88e-04
Epoch 435 | Loss(MSE)=0.007349 | MAE=0.035096 | RMSE=0.085727 | LR=8.88e-04
Epoch 436 | Loss(MSE)=0.007359 | MAE=0.035218 | RMSE=0.085784 | LR=8.87e-04
Epoch 437 | Loss(MSE)=0.007353 | MAE=0.035200 | RMSE=0.085750 | LR=8.87e-04
Epoch 438 | Loss(MSE)=0.007350 | MAE=0.035087 | RMSE=0.085730 | LR=8.86e-04
Epoch 439 | Loss(MSE)=0.007358 | MAE=0.035228 | RMSE=0.085776 | LR=8.86e-04
Epoch 440 | Loss(MSE)=0.007351 | MAE=0.035117 | RMSE=0.085738 | LR=8.85e-04
Epoch 441 | Loss(MSE)=0.007362 | MAE=0.035042 | RMSE=0.085805 | LR=8.85e-04
Epoch 442 | Loss(MSE)=0.007358 | MAE=0.035250 | RMSE=0.085778 | LR=8.84e-04
Epoch 443 | Loss(MSE)=0.007347 | MAE=0.035195 | RMSE=0.085717 | LR=8.84e-04
Epoch 444 | Loss(MSE)=0.007351 | MAE=0.034999 | RMSE=0.085738 | LR=8.83e-04
Epoch 445 | Loss(MSE)=0.007351 | MAE=0.035212 | RMSE=0.085739 | LR=8.83e-04
Epoch 446 | Loss(MSE)=0.007345 | MAE=0.035088 | RMSE=0.085705 | LR=8.82e-04
Epoch 447 | Loss(MSE)=0.007340 | MAE=0.035024 | RMSE=0.085674 | LR=8.82e-04
Epoch 448 | Loss(MSE)=0.007345 | MAE=0.035202 | RMSE=0.085703 | LR=8.81e-04
Epoch 449 | Loss(MSE)=0.007345 | MAE=0.035220 | RMSE=0.085705 | LR=8.81e-04
Epoch 450 | Loss(MSE)=0.007345 | MAE=0.035053 | RMSE=0.085704 | LR=8.80e-04
Epoch 451 | Loss(MSE)=0.007348 | MAE=0.035103 | RMSE=0.085721 | LR=8.80e-04
Epoch 452 | Loss(MSE)=0.007356 | MAE=0.035142 | RMSE=0.085770 | LR=8.79e-04
Epoch 453 | Loss(MSE)=0.007349 | MAE=0.035162 | RMSE=0.085726 | LR=8.79e-04
Epoch 454 | Loss(MSE)=0.007348 | MAE=0.035031 | RMSE=0.085722 | LR=8.78e-04
Epoch 455 | Loss(MSE)=0.007351 | MAE=0.035172 | RMSE=0.085741 | LR=8.78e-04
Epoch 456 | Loss(MSE)=0.007352 | MAE=0.035104 | RMSE=0.085743 | LR=8.77e-04
Epoch 457 | Loss(MSE)=0.007347 | MAE=0.035113 | RMSE=0.085717 | LR=8.77e-04
Epoch 458 | Loss(MSE)=0.007346 | MAE=0.035074 | RMSE=0.085707 | LR=8.76e-04
Epoch 459 | Loss(MSE)=0.007346 | MAE=0.035061 | RMSE=0.085708 | LR=8.76e-04
Epoch 460 | Loss(MSE)=0.007346 | MAE=0.035230 | RMSE=0.085710 | LR=8.75e-04
Epoch 461 | Loss(MSE)=0.007354 | MAE=0.035036 | RMSE=0.085756 | LR=8.75e-04
Epoch 462 | Loss(MSE)=0.007351 | MAE=0.035196 | RMSE=0.085740 | LR=8.74e-04
Epoch 463 | Loss(MSE)=0.007352 | MAE=0.035094 | RMSE=0.085744 | LR=8.74e-04
Epoch 464 | Loss(MSE)=0.007347 | MAE=0.035170 | RMSE=0.085713 | LR=8.73e-04
Epoch 465 | Loss(MSE)=0.007352 | MAE=0.035061 | RMSE=0.085745 | LR=8.73e-04
Epoch 466 | Loss(MSE)=0.007342 | MAE=0.035142 | RMSE=0.085683 | LR=8.72e-04
Epoch 467 | Loss(MSE)=0.007347 | MAE=0.035175 | RMSE=0.085715 | LR=8.72e-04
Epoch 468 | Loss(MSE)=0.007348 | MAE=0.035012 | RMSE=0.085721 | LR=8.71e-04
Epoch 469 | Loss(MSE)=0.007344 | MAE=0.035138 | RMSE=0.085699 | LR=8.70e-04
Epoch 470 | Loss(MSE)=0.007352 | MAE=0.035000 | RMSE=0.085744 | LR=8.70e-04
Epoch 471 | Loss(MSE)=0.007341 | MAE=0.035126 | RMSE=0.085681 | LR=8.69e-04
Epoch 472 | Loss(MSE)=0.007351 | MAE=0.035172 | RMSE=0.085736 | LR=8.69e-04
Epoch 473 | Loss(MSE)=0.007346 | MAE=0.035149 | RMSE=0.085711 | LR=8.68e-04
Epoch 474 | Loss(MSE)=0.007353 | MAE=0.035115 | RMSE=0.085751 | LR=8.68e-04
Epoch 475 | Loss(MSE)=0.007352 | MAE=0.035071 | RMSE=0.085741 | LR=8.67e-04
Epoch 476 | Loss(MSE)=0.007343 | MAE=0.035134 | RMSE=0.085690 | LR=8.67e-04
Epoch 477 | Loss(MSE)=0.007349 | MAE=0.035166 | RMSE=0.085725 | LR=8.66e-04
Epoch 478 | Loss(MSE)=0.007350 | MAE=0.035179 | RMSE=0.085733 | LR=8.66e-04
Epoch 479 | Loss(MSE)=0.007349 | MAE=0.035073 | RMSE=0.085726 | LR=8.65e-04
Epoch 480 | Loss(MSE)=0.007351 | MAE=0.035209 | RMSE=0.085739 | LR=8.65e-04
Epoch 481 | Loss(MSE)=0.007349 | MAE=0.035058 | RMSE=0.085728 | LR=8.64e-04
Epoch 482 | Loss(MSE)=0.007344 | MAE=0.035078 | RMSE=0.085699 | LR=8.64e-04
Epoch 483 | Loss(MSE)=0.007348 | MAE=0.034992 | RMSE=0.085723 | LR=8.63e-04
Epoch 484 | Loss(MSE)=0.007350 | MAE=0.035168 | RMSE=0.085732 | LR=8.62e-04
Epoch 485 | Loss(MSE)=0.007355 | MAE=0.035246 | RMSE=0.085762 | LR=8.62e-04
Epoch 486 | Loss(MSE)=0.007351 | MAE=0.035127 | RMSE=0.085740 | LR=8.61e-04
Epoch 487 | Loss(MSE)=0.007349 | MAE=0.035055 | RMSE=0.085724 | LR=8.61e-04
Epoch 488 | Loss(MSE)=0.007347 | MAE=0.035039 | RMSE=0.085712 | LR=8.60e-04
Epoch 489 | Loss(MSE)=0.007350 | MAE=0.035135 | RMSE=0.085734 | LR=8.60e-04
Epoch 490 | Loss(MSE)=0.007349 | MAE=0.035137 | RMSE=0.085725 | LR=8.59e-04
Epoch 491 | Loss(MSE)=0.007352 | MAE=0.035124 | RMSE=0.085744 | LR=8.59e-04
Epoch 492 | Loss(MSE)=0.007346 | MAE=0.035114 | RMSE=0.085711 | LR=8.58e-04
Epoch 493 | Loss(MSE)=0.007353 | MAE=0.035203 | RMSE=0.085749 | LR=8.58e-04
Epoch 494 | Loss(MSE)=0.007350 | MAE=0.035127 | RMSE=0.085734 | LR=8.57e-04
Epoch 495 | Loss(MSE)=0.007340 | MAE=0.035124 | RMSE=0.085676 | LR=8.56e-04
Epoch 496 | Loss(MSE)=0.007353 | MAE=0.035059 | RMSE=0.085752 | LR=8.56e-04
Epoch 497 | Loss(MSE)=0.007348 | MAE=0.035146 | RMSE=0.085718 | LR=8.55e-04
Epoch 498 | Loss(MSE)=0.007348 | MAE=0.035248 | RMSE=0.085720 | LR=8.55e-04
Epoch 499 | Loss(MSE)=0.007346 | MAE=0.035095 | RMSE=0.085708 | LR=8.54e-04
Epoch 500 | Loss(MSE)=0.007349 | MAE=0.035140 | RMSE=0.085725 | LR=8.54e-04
Epoch 501 | Loss(MSE)=0.007347 | MAE=0.035064 | RMSE=0.085716 | LR=8.53e-04
Epoch 502 | Loss(MSE)=0.007355 | MAE=0.035223 | RMSE=0.085760 | LR=8.53e-04
Epoch 503 | Loss(MSE)=0.007355 | MAE=0.035183 | RMSE=0.085758 | LR=8.52e-04
Epoch 504 | Loss(MSE)=0.007347 | MAE=0.035182 | RMSE=0.085714 | LR=8.51e-04
Epoch 505 | Loss(MSE)=0.007347 | MAE=0.035240 | RMSE=0.085717 | LR=8.51e-04
Epoch 506 | Loss(MSE)=0.007348 | MAE=0.034954 | RMSE=0.085720 | LR=8.50e-04
Epoch 507 | Loss(MSE)=0.007344 | MAE=0.035123 | RMSE=0.085697 | LR=8.50e-04
Epoch 508 | Loss(MSE)=0.007349 | MAE=0.035142 | RMSE=0.085726 | LR=8.49e-04
Epoch 509 | Loss(MSE)=0.007344 | MAE=0.035179 | RMSE=0.085696 | LR=8.49e-04
Epoch 510 | Loss(MSE)=0.007348 | MAE=0.035074 | RMSE=0.085721 | LR=8.48e-04
Epoch 511 | Loss(MSE)=0.007352 | MAE=0.035263 | RMSE=0.085744 | LR=8.48e-04
Epoch 512 | Loss(MSE)=0.007347 | MAE=0.035088 | RMSE=0.085716 | LR=8.47e-04
Epoch 513 | Loss(MSE)=0.007346 | MAE=0.035191 | RMSE=0.085708 | LR=8.46e-04
Epoch 514 | Loss(MSE)=0.007349 | MAE=0.035096 | RMSE=0.085729 | LR=8.46e-04
Epoch 515 | Loss(MSE)=0.007348 | MAE=0.035139 | RMSE=0.085718 | LR=8.45e-04
Epoch 516 | Loss(MSE)=0.007344 | MAE=0.035134 | RMSE=0.085696 | LR=8.45e-04
Epoch 517 | Loss(MSE)=0.007349 | MAE=0.035035 | RMSE=0.085726 | LR=8.44e-04
Epoch 518 | Loss(MSE)=0.007345 | MAE=0.035099 | RMSE=0.085703 | LR=8.44e-04
Epoch 519 | Loss(MSE)=0.007346 | MAE=0.035062 | RMSE=0.085706 | LR=8.43e-04
Epoch 520 | Loss(MSE)=0.007350 | MAE=0.035061 | RMSE=0.085733 | LR=8.42e-04
Epoch 521 | Loss(MSE)=0.007347 | MAE=0.035130 | RMSE=0.085716 | LR=8.42e-04
Epoch 522 | Loss(MSE)=0.007351 | MAE=0.035201 | RMSE=0.085740 | LR=8.41e-04
Epoch 523 | Loss(MSE)=0.007347 | MAE=0.035023 | RMSE=0.085715 | LR=8.41e-04
Epoch 524 | Loss(MSE)=0.007340 | MAE=0.035324 | RMSE=0.085677 | LR=8.40e-04
Epoch 525 | Loss(MSE)=0.007337 | MAE=0.035009 | RMSE=0.085658 | LR=8.40e-04
Epoch 526 | Loss(MSE)=0.007353 | MAE=0.035340 | RMSE=0.085749 | LR=8.39e-04
Epoch 527 | Loss(MSE)=0.007348 | MAE=0.035091 | RMSE=0.085723 | LR=8.38e-04
Epoch 528 | Loss(MSE)=0.007344 | MAE=0.035093 | RMSE=0.085700 | LR=8.38e-04
Epoch 529 | Loss(MSE)=0.007354 | MAE=0.035078 | RMSE=0.085756 | LR=8.37e-04
Epoch 530 | Loss(MSE)=0.007361 | MAE=0.035341 | RMSE=0.085796 | LR=8.37e-04
Epoch 531 | Loss(MSE)=0.007350 | MAE=0.035079 | RMSE=0.085733 | LR=8.36e-04
Epoch 532 | Loss(MSE)=0.007360 | MAE=0.035371 | RMSE=0.085793 | LR=8.36e-04
Epoch 533 | Loss(MSE)=0.007350 | MAE=0.035227 | RMSE=0.085733 | LR=8.35e-04
Epoch 534 | Loss(MSE)=0.007350 | MAE=0.035169 | RMSE=0.085731 | LR=8.34e-04
Epoch 535 | Loss(MSE)=0.007353 | MAE=0.035130 | RMSE=0.085747 | LR=8.34e-04
Epoch 536 | Loss(MSE)=0.007350 | MAE=0.035167 | RMSE=0.085732 | LR=8.33e-04
Epoch 537 | Loss(MSE)=0.007340 | MAE=0.035167 | RMSE=0.085672 | LR=8.33e-04
Epoch 538 | Loss(MSE)=0.007342 | MAE=0.035001 | RMSE=0.085683 | LR=8.32e-04
Epoch 539 | Loss(MSE)=0.007348 | MAE=0.035141 | RMSE=0.085718 | LR=8.31e-04
Epoch 540 | Loss(MSE)=0.007341 | MAE=0.035179 | RMSE=0.085678 | LR=8.31e-04
Epoch 541 | Loss(MSE)=0.007353 | MAE=0.035102 | RMSE=0.085749 | LR=8.30e-04
Epoch 542 | Loss(MSE)=0.007352 | MAE=0.035092 | RMSE=0.085742 | LR=8.30e-04
Epoch 543 | Loss(MSE)=0.007349 | MAE=0.035102 | RMSE=0.085724 | LR=8.29e-04
Epoch 544 | Loss(MSE)=0.007344 | MAE=0.035085 | RMSE=0.085695 | LR=8.28e-04
Epoch 545 | Loss(MSE)=0.007347 | MAE=0.035196 | RMSE=0.085713 | LR=8.28e-04
Epoch 546 | Loss(MSE)=0.007345 | MAE=0.035033 | RMSE=0.085704 | LR=8.27e-04
Epoch 547 | Loss(MSE)=0.007354 | MAE=0.035340 | RMSE=0.085754 | LR=8.27e-04
Epoch 548 | Loss(MSE)=0.007349 | MAE=0.035084 | RMSE=0.085725 | LR=8.26e-04
Epoch 549 | Loss(MSE)=0.007349 | MAE=0.035135 | RMSE=0.085729 | LR=8.25e-04
Epoch 550 | Loss(MSE)=0.007352 | MAE=0.035105 | RMSE=0.085744 | LR=8.25e-04
Epoch 551 | Loss(MSE)=0.007351 | MAE=0.035245 | RMSE=0.085740 | LR=8.24e-04
Epoch 552 | Loss(MSE)=0.007346 | MAE=0.035016 | RMSE=0.085711 | LR=8.24e-04
Epoch 553 | Loss(MSE)=0.007360 | MAE=0.035331 | RMSE=0.085793 | LR=8.23e-04
Epoch 554 | Loss(MSE)=0.007345 | MAE=0.034959 | RMSE=0.085703 | LR=8.23e-04
Epoch 555 | Loss(MSE)=0.007346 | MAE=0.035088 | RMSE=0.085711 | LR=8.22e-04
Epoch 556 | Loss(MSE)=0.007351 | MAE=0.035237 | RMSE=0.085741 | LR=8.21e-04
Epoch 557 | Loss(MSE)=0.007344 | MAE=0.035079 | RMSE=0.085700 | LR=8.21e-04
Epoch 558 | Loss(MSE)=0.007346 | MAE=0.035218 | RMSE=0.085707 | LR=8.20e-04
Epoch 559 | Loss(MSE)=0.007343 | MAE=0.035126 | RMSE=0.085689 | LR=8.19e-04
Epoch 560 | Loss(MSE)=0.007360 | MAE=0.035107 | RMSE=0.085788 | LR=8.19e-04
Epoch 561 | Loss(MSE)=0.007344 | MAE=0.035199 | RMSE=0.085695 | LR=8.18e-04
Epoch 562 | Loss(MSE)=0.007347 | MAE=0.034999 | RMSE=0.085714 | LR=8.18e-04
Epoch 563 | Loss(MSE)=0.007346 | MAE=0.035093 | RMSE=0.085707 | LR=8.17e-04
Epoch 564 | Loss(MSE)=0.007349 | MAE=0.035137 | RMSE=0.085728 | LR=8.16e-04
Epoch 565 | Loss(MSE)=0.007354 | MAE=0.035087 | RMSE=0.085753 | LR=8.16e-04
Epoch 566 | Loss(MSE)=0.007354 | MAE=0.035167 | RMSE=0.085754 | LR=8.15e-04
Epoch 567 | Loss(MSE)=0.007352 | MAE=0.035180 | RMSE=0.085744 | LR=8.15e-04
Epoch 568 | Loss(MSE)=0.007357 | MAE=0.035182 | RMSE=0.085772 | LR=8.14e-04
Epoch 569 | Loss(MSE)=0.007352 | MAE=0.035198 | RMSE=0.085746 | LR=8.13e-04
Epoch 570 | Loss(MSE)=0.007349 | MAE=0.035099 | RMSE=0.085726 | LR=8.13e-04
Epoch 571 | Loss(MSE)=0.007349 | MAE=0.035050 | RMSE=0.085725 | LR=8.12e-04
Epoch 572 | Loss(MSE)=0.007354 | MAE=0.035205 | RMSE=0.085757 | LR=8.12e-04
Epoch 573 | Loss(MSE)=0.007345 | MAE=0.035180 | RMSE=0.085702 | LR=8.11e-04
Epoch 574 | Loss(MSE)=0.007350 | MAE=0.035302 | RMSE=0.085732 | LR=8.10e-04
Epoch 575 | Loss(MSE)=0.007348 | MAE=0.034966 | RMSE=0.085722 | LR=8.10e-04
Epoch 576 | Loss(MSE)=0.007349 | MAE=0.035087 | RMSE=0.085724 | LR=8.09e-04
Epoch 577 | Loss(MSE)=0.007355 | MAE=0.035134 | RMSE=0.085763 | LR=8.09e-04
Epoch 578 | Loss(MSE)=0.007345 | MAE=0.035022 | RMSE=0.085705 | LR=8.08e-04
Epoch 579 | Loss(MSE)=0.007354 | MAE=0.035234 | RMSE=0.085754 | LR=8.07e-04
Epoch 580 | Loss(MSE)=0.007354 | MAE=0.035171 | RMSE=0.085755 | LR=8.07e-04
Epoch 581 | Loss(MSE)=0.007358 | MAE=0.035128 | RMSE=0.085780 | LR=8.06e-04
Epoch 582 | Loss(MSE)=0.007351 | MAE=0.035155 | RMSE=0.085737 | LR=8.05e-04
Epoch 583 | Loss(MSE)=0.007348 | MAE=0.035236 | RMSE=0.085721 | LR=8.05e-04
Epoch 584 | Loss(MSE)=0.007352 | MAE=0.035116 | RMSE=0.085742 | LR=8.04e-04
Epoch 585 | Loss(MSE)=0.007347 | MAE=0.035051 | RMSE=0.085712 | LR=8.04e-04
Epoch 586 | Loss(MSE)=0.007340 | MAE=0.035060 | RMSE=0.085672 | LR=8.03e-04
Epoch 587 | Loss(MSE)=0.007355 | MAE=0.035135 | RMSE=0.085763 | LR=8.02e-04
Epoch 588 | Loss(MSE)=0.007351 | MAE=0.035016 | RMSE=0.085740 | LR=8.02e-04
Epoch 589 | Loss(MSE)=0.007350 | MAE=0.035206 | RMSE=0.085730 | LR=8.01e-04
Epoch 590 | Loss(MSE)=0.007337 | MAE=0.035158 | RMSE=0.085657 | LR=8.00e-04
Epoch 591 | Loss(MSE)=0.007347 | MAE=0.035037 | RMSE=0.085714 | LR=8.00e-04
Epoch 592 | Loss(MSE)=0.007353 | MAE=0.035222 | RMSE=0.085747 | LR=7.99e-04
Epoch 593 | Loss(MSE)=0.007343 | MAE=0.035296 | RMSE=0.085692 | LR=7.99e-04
Epoch 594 | Loss(MSE)=0.007339 | MAE=0.035100 | RMSE=0.085666 | LR=7.98e-04
Epoch 595 | Loss(MSE)=0.007351 | MAE=0.035195 | RMSE=0.085739 | LR=7.97e-04
Epoch 596 | Loss(MSE)=0.007351 | MAE=0.035184 | RMSE=0.085738 | LR=7.97e-04
Epoch 597 | Loss(MSE)=0.007348 | MAE=0.035142 | RMSE=0.085720 | LR=7.96e-04
Epoch 598 | Loss(MSE)=0.007349 | MAE=0.035181 | RMSE=0.085727 | LR=7.95e-04
Epoch 599 | Loss(MSE)=0.007356 | MAE=0.035190 | RMSE=0.085766 | LR=7.95e-04
Epoch 600 | Loss(MSE)=0.007346 | MAE=0.035058 | RMSE=0.085707 | LR=7.94e-04
Epoch 601 | Loss(MSE)=0.007340 | MAE=0.035016 | RMSE=0.085674 | LR=7.93e-04
Epoch 602 | Loss(MSE)=0.007350 | MAE=0.035159 | RMSE=0.085732 | LR=7.93e-04
Epoch 603 | Loss(MSE)=0.007344 | MAE=0.035175 | RMSE=0.085698 | LR=7.92e-04
Epoch 604 | Loss(MSE)=0.007353 | MAE=0.035118 | RMSE=0.085750 | LR=7.92e-04
Epoch 605 | Loss(MSE)=0.007348 | MAE=0.035120 | RMSE=0.085719 | LR=7.91e-04
Epoch 606 | Loss(MSE)=0.007349 | MAE=0.035121 | RMSE=0.085727 | LR=7.90e-04
Epoch 607 | Loss(MSE)=0.007350 | MAE=0.035091 | RMSE=0.085734 | LR=7.90e-04
Epoch 608 | Loss(MSE)=0.007341 | MAE=0.035204 | RMSE=0.085681 | LR=7.89e-04
Epoch 609 | Loss(MSE)=0.007351 | MAE=0.035142 | RMSE=0.085737 | LR=7.88e-04
Epoch 610 | Loss(MSE)=0.007341 | MAE=0.035010 | RMSE=0.085682 | LR=7.88e-04
Epoch 611 | Loss(MSE)=0.007346 | MAE=0.035136 | RMSE=0.085709 | LR=7.87e-04
Epoch 612 | Loss(MSE)=0.007353 | MAE=0.035060 | RMSE=0.085748 | LR=7.86e-04
Epoch 613 | Loss(MSE)=0.007353 | MAE=0.035197 | RMSE=0.085747 | LR=7.86e-04
Epoch 614 | Loss(MSE)=0.007346 | MAE=0.035049 | RMSE=0.085710 | LR=7.85e-04
Epoch 615 | Loss(MSE)=0.007347 | MAE=0.035168 | RMSE=0.085713 | LR=7.84e-04
Epoch 616 | Loss(MSE)=0.007352 | MAE=0.035204 | RMSE=0.085745 | LR=7.84e-04
Epoch 617 | Loss(MSE)=0.007354 | MAE=0.035229 | RMSE=0.085755 | LR=7.83e-04
Epoch 618 | Loss(MSE)=0.007348 | MAE=0.035040 | RMSE=0.085721 | LR=7.83e-04
Epoch 619 | Loss(MSE)=0.007345 | MAE=0.035232 | RMSE=0.085705 | LR=7.82e-04
Epoch 620 | Loss(MSE)=0.007345 | MAE=0.035227 | RMSE=0.085705 | LR=7.81e-04
Epoch 621 | Loss(MSE)=0.007344 | MAE=0.035154 | RMSE=0.085699 | LR=7.81e-04
Epoch 622 | Loss(MSE)=0.007335 | MAE=0.034969 | RMSE=0.085646 | LR=7.80e-04
Epoch 623 | Loss(MSE)=0.007342 | MAE=0.035294 | RMSE=0.085684 | LR=7.79e-04
Epoch 624 | Loss(MSE)=0.007354 | MAE=0.035032 | RMSE=0.085756 | LR=7.79e-04
Epoch 625 | Loss(MSE)=0.007349 | MAE=0.035264 | RMSE=0.085726 | LR=7.78e-04
Epoch 626 | Loss(MSE)=0.007345 | MAE=0.034969 | RMSE=0.085703 | LR=7.77e-04
Epoch 627 | Loss(MSE)=0.007344 | MAE=0.035126 | RMSE=0.085695 | LR=7.77e-04
Epoch 628 | Loss(MSE)=0.007346 | MAE=0.035203 | RMSE=0.085707 | LR=7.76e-04
Epoch 629 | Loss(MSE)=0.007347 | MAE=0.035038 | RMSE=0.085712 | LR=7.75e-04
Epoch 630 | Loss(MSE)=0.007346 | MAE=0.035231 | RMSE=0.085712 | LR=7.75e-04
Epoch 631 | Loss(MSE)=0.007343 | MAE=0.035081 | RMSE=0.085692 | LR=7.74e-04
Epoch 632 | Loss(MSE)=0.007347 | MAE=0.035189 | RMSE=0.085717 | LR=7.73e-04
Epoch 633 | Loss(MSE)=0.007348 | MAE=0.035078 | RMSE=0.085720 | LR=7.73e-04
Epoch 634 | Loss(MSE)=0.007345 | MAE=0.035114 | RMSE=0.085705 | LR=7.72e-04
Epoch 635 | Loss(MSE)=0.007346 | MAE=0.035219 | RMSE=0.085707 | LR=7.71e-04
Epoch 636 | Loss(MSE)=0.007347 | MAE=0.034980 | RMSE=0.085715 | LR=7.71e-04
Epoch 637 | Loss(MSE)=0.007350 | MAE=0.035100 | RMSE=0.085731 | LR=7.70e-04
Epoch 638 | Loss(MSE)=0.007350 | MAE=0.034993 | RMSE=0.085734 | LR=7.69e-04
Epoch 639 | Loss(MSE)=0.007352 | MAE=0.035220 | RMSE=0.085745 | LR=7.69e-04
Epoch 640 | Loss(MSE)=0.007346 | MAE=0.035127 | RMSE=0.085708 | LR=7.68e-04
Epoch 641 | Loss(MSE)=0.007345 | MAE=0.035173 | RMSE=0.085704 | LR=7.67e-04
Epoch 642 | Loss(MSE)=0.007349 | MAE=0.035103 | RMSE=0.085729 | LR=7.67e-04
Epoch 643 | Loss(MSE)=0.007349 | MAE=0.035203 | RMSE=0.085726 | LR=7.66e-04
Epoch 644 | Loss(MSE)=0.007349 | MAE=0.035054 | RMSE=0.085728 | LR=7.65e-04
Epoch 645 | Loss(MSE)=0.007355 | MAE=0.035090 | RMSE=0.085759 | LR=7.65e-04
Epoch 646 | Loss(MSE)=0.007346 | MAE=0.035114 | RMSE=0.085710 | LR=7.64e-04
Epoch 647 | Loss(MSE)=0.007353 | MAE=0.035233 | RMSE=0.085749 | LR=7.63e-04
Epoch 648 | Loss(MSE)=0.007348 | MAE=0.035050 | RMSE=0.085718 | LR=7.63e-04
Epoch 649 | Loss(MSE)=0.007350 | MAE=0.035056 | RMSE=0.085730 | LR=7.62e-04
Epoch 650 | Loss(MSE)=0.007351 | MAE=0.035244 | RMSE=0.085736 | LR=7.61e-04
Epoch 651 | Loss(MSE)=0.007346 | MAE=0.034968 | RMSE=0.085707 | LR=7.61e-04
Epoch 652 | Loss(MSE)=0.007361 | MAE=0.035287 | RMSE=0.085795 | LR=7.60e-04
Epoch 653 | Loss(MSE)=0.007352 | MAE=0.035082 | RMSE=0.085746 | LR=7.59e-04
Epoch 654 | Loss(MSE)=0.007350 | MAE=0.035128 | RMSE=0.085733 | LR=7.59e-04
Epoch 655 | Loss(MSE)=0.007347 | MAE=0.035141 | RMSE=0.085714 | LR=7.58e-04
Epoch 656 | Loss(MSE)=0.007347 | MAE=0.035093 | RMSE=0.085713 | LR=7.57e-04
Epoch 657 | Loss(MSE)=0.007343 | MAE=0.035076 | RMSE=0.085690 | LR=7.57e-04
Epoch 658 | Loss(MSE)=0.007346 | MAE=0.035291 | RMSE=0.085707 | LR=7.56e-04
Epoch 659 | Loss(MSE)=0.007351 | MAE=0.035075 | RMSE=0.085736 | LR=7.55e-04
Epoch 660 | Loss(MSE)=0.007335 | MAE=0.035209 | RMSE=0.085642 | LR=7.55e-04
Epoch 661 | Loss(MSE)=0.007342 | MAE=0.035171 | RMSE=0.085685 | LR=7.54e-04
Epoch 662 | Loss(MSE)=0.007348 | MAE=0.035159 | RMSE=0.085722 | LR=7.53e-04
Epoch 663 | Loss(MSE)=0.007350 | MAE=0.035002 | RMSE=0.085734 | LR=7.53e-04
Epoch 664 | Loss(MSE)=0.007346 | MAE=0.035174 | RMSE=0.085708 | LR=7.52e-04
Epoch 665 | Loss(MSE)=0.007351 | MAE=0.035160 | RMSE=0.085740 | LR=7.51e-04
Epoch 666 | Loss(MSE)=0.007351 | MAE=0.035208 | RMSE=0.085740 | LR=7.51e-04
Epoch 667 | Loss(MSE)=0.007349 | MAE=0.035167 | RMSE=0.085724 | LR=7.50e-04
Epoch 668 | Loss(MSE)=0.007348 | MAE=0.035159 | RMSE=0.085720 | LR=7.49e-04
Epoch 669 | Loss(MSE)=0.007354 | MAE=0.035055 | RMSE=0.085754 | LR=7.49e-04
Epoch 670 | Loss(MSE)=0.007353 | MAE=0.035143 | RMSE=0.085752 | LR=7.48e-04
Epoch 671 | Loss(MSE)=0.007341 | MAE=0.035063 | RMSE=0.085677 | LR=7.47e-04
Epoch 672 | Loss(MSE)=0.007345 | MAE=0.035105 | RMSE=0.085704 | LR=7.47e-04
Epoch 673 | Loss(MSE)=0.007347 | MAE=0.035121 | RMSE=0.085713 | LR=7.46e-04
Epoch 674 | Loss(MSE)=0.007345 | MAE=0.035141 | RMSE=0.085704 | LR=7.45e-04
Epoch 675 | Loss(MSE)=0.007347 | MAE=0.035120 | RMSE=0.085716 | LR=7.45e-04
Epoch 676 | Loss(MSE)=0.007346 | MAE=0.035155 | RMSE=0.085706 | LR=7.44e-04
Epoch 677 | Loss(MSE)=0.007343 | MAE=0.035124 | RMSE=0.085693 | LR=7.43e-04
Epoch 678 | Loss(MSE)=0.007349 | MAE=0.035120 | RMSE=0.085728 | LR=7.43e-04
Epoch 679 | Loss(MSE)=0.007353 | MAE=0.035248 | RMSE=0.085749 | LR=7.42e-04
Epoch 680 | Loss(MSE)=0.007344 | MAE=0.035174 | RMSE=0.085695 | LR=7.41e-04
Epoch 681 | Loss(MSE)=0.007346 | MAE=0.035125 | RMSE=0.085707 | LR=7.40e-04
Epoch 682 | Loss(MSE)=0.007342 | MAE=0.035075 | RMSE=0.085683 | LR=7.40e-04
Epoch 683 | Loss(MSE)=0.007347 | MAE=0.035189 | RMSE=0.085714 | LR=7.39e-04
Epoch 684 | Loss(MSE)=0.007339 | MAE=0.035137 | RMSE=0.085670 | LR=7.38e-04
Epoch 685 | Loss(MSE)=0.007351 | MAE=0.035084 | RMSE=0.085737 | LR=7.38e-04
Epoch 686 | Loss(MSE)=0.007348 | MAE=0.035086 | RMSE=0.085723 | LR=7.37e-04
Epoch 687 | Loss(MSE)=0.007344 | MAE=0.035109 | RMSE=0.085696 | LR=7.36e-04
Epoch 688 | Loss(MSE)=0.007358 | MAE=0.035184 | RMSE=0.085778 | LR=7.36e-04
Epoch 689 | Loss(MSE)=0.007351 | MAE=0.035078 | RMSE=0.085737 | LR=7.35e-04
Epoch 690 | Loss(MSE)=0.007350 | MAE=0.035209 | RMSE=0.085730 | LR=7.34e-04
Epoch 691 | Loss(MSE)=0.007338 | MAE=0.035006 | RMSE=0.085665 | LR=7.34e-04
Epoch 692 | Loss(MSE)=0.007347 | MAE=0.035134 | RMSE=0.085713 | LR=7.33e-04
Epoch 693 | Loss(MSE)=0.007345 | MAE=0.035141 | RMSE=0.085700 | LR=7.32e-04
Epoch 694 | Loss(MSE)=0.007344 | MAE=0.035166 | RMSE=0.085698 | LR=7.31e-04
Epoch 695 | Loss(MSE)=0.007351 | MAE=0.035100 | RMSE=0.085736 | LR=7.31e-04
Epoch 696 | Loss(MSE)=0.007353 | MAE=0.035130 | RMSE=0.085752 | LR=7.30e-04
Epoch 697 | Loss(MSE)=0.007350 | MAE=0.035162 | RMSE=0.085730 | LR=7.29e-04
Epoch 698 | Loss(MSE)=0.007350 | MAE=0.035254 | RMSE=0.085731 | LR=7.29e-04
Epoch 699 | Loss(MSE)=0.007348 | MAE=0.035143 | RMSE=0.085721 | LR=7.28e-04
Epoch 700 | Loss(MSE)=0.007343 | MAE=0.035054 | RMSE=0.085692 | LR=7.27e-04
Epoch 701 | Loss(MSE)=0.007349 | MAE=0.035053 | RMSE=0.085724 | LR=7.27e-04
Epoch 702 | Loss(MSE)=0.007343 | MAE=0.035239 | RMSE=0.085689 | LR=7.26e-04
Epoch 703 | Loss(MSE)=0.007342 | MAE=0.035051 | RMSE=0.085688 | LR=7.25e-04
Epoch 704 | Loss(MSE)=0.007352 | MAE=0.035269 | RMSE=0.085743 | LR=7.24e-04
Epoch 705 | Loss(MSE)=0.007351 | MAE=0.034989 | RMSE=0.085736 | LR=7.24e-04
Epoch 706 | Loss(MSE)=0.007351 | MAE=0.035149 | RMSE=0.085740 | LR=7.23e-04
Epoch 707 | Loss(MSE)=0.007336 | MAE=0.035136 | RMSE=0.085651 | LR=7.22e-04
Epoch 708 | Loss(MSE)=0.007345 | MAE=0.035040 | RMSE=0.085701 | LR=7.22e-04
Epoch 709 | Loss(MSE)=0.007342 | MAE=0.035187 | RMSE=0.085683 | LR=7.21e-04
Epoch 710 | Loss(MSE)=0.007346 | MAE=0.035096 | RMSE=0.085709 | LR=7.20e-04
Epoch 711 | Loss(MSE)=0.007351 | MAE=0.035203 | RMSE=0.085741 | LR=7.20e-04
Epoch 712 | Loss(MSE)=0.007342 | MAE=0.035087 | RMSE=0.085683 | LR=7.19e-04
Epoch 713 | Loss(MSE)=0.007350 | MAE=0.035142 | RMSE=0.085731 | LR=7.18e-04
Epoch 714 | Loss(MSE)=0.007345 | MAE=0.035192 | RMSE=0.085701 | LR=7.17e-04
Epoch 715 | Loss(MSE)=0.007345 | MAE=0.035155 | RMSE=0.085703 | LR=7.17e-04
Epoch 716 | Loss(MSE)=0.007342 | MAE=0.035084 | RMSE=0.085684 | LR=7.16e-04
Epoch 717 | Loss(MSE)=0.007341 | MAE=0.035153 | RMSE=0.085677 | LR=7.15e-04
Epoch 718 | Loss(MSE)=0.007348 | MAE=0.035061 | RMSE=0.085721 | LR=7.15e-04
Epoch 719 | Loss(MSE)=0.007339 | MAE=0.035059 | RMSE=0.085669 | LR=7.14e-04
Epoch 720 | Loss(MSE)=0.007353 | MAE=0.035183 | RMSE=0.085749 | LR=7.13e-04
Epoch 721 | Loss(MSE)=0.007346 | MAE=0.035167 | RMSE=0.085710 | LR=7.12e-04
Epoch 722 | Loss(MSE)=0.007346 | MAE=0.035162 | RMSE=0.085710 | LR=7.12e-04
Epoch 723 | Loss(MSE)=0.007352 | MAE=0.035157 | RMSE=0.085741 | LR=7.11e-04
Epoch 724 | Loss(MSE)=0.007345 | MAE=0.035078 | RMSE=0.085701 | LR=7.10e-04
Epoch 725 | Loss(MSE)=0.007353 | MAE=0.035087 | RMSE=0.085751 | LR=7.10e-04
Epoch 726 | Loss(MSE)=0.007352 | MAE=0.035104 | RMSE=0.085746 | LR=7.09e-04
Epoch 727 | Loss(MSE)=0.007350 | MAE=0.035279 | RMSE=0.085731 | LR=7.08e-04
Epoch 728 | Loss(MSE)=0.007345 | MAE=0.035175 | RMSE=0.085701 | LR=7.07e-04
Epoch 729 | Loss(MSE)=0.007341 | MAE=0.035038 | RMSE=0.085678 | LR=7.07e-04
Epoch 730 | Loss(MSE)=0.007347 | MAE=0.035027 | RMSE=0.085715 | LR=7.06e-04
Epoch 731 | Loss(MSE)=0.007346 | MAE=0.035094 | RMSE=0.085710 | LR=7.05e-04
Epoch 732 | Loss(MSE)=0.007349 | MAE=0.035151 | RMSE=0.085726 | LR=7.05e-04
Epoch 733 | Loss(MSE)=0.007358 | MAE=0.035105 | RMSE=0.085777 | LR=7.04e-04
Epoch 734 | Loss(MSE)=0.007343 | MAE=0.035082 | RMSE=0.085688 | LR=7.03e-04
Epoch 735 | Loss(MSE)=0.007337 | MAE=0.035152 | RMSE=0.085655 | LR=7.02e-04
Epoch 736 | Loss(MSE)=0.007347 | MAE=0.035081 | RMSE=0.085712 | LR=7.02e-04
Epoch 737 | Loss(MSE)=0.007348 | MAE=0.035136 | RMSE=0.085722 | LR=7.01e-04
Epoch 738 | Loss(MSE)=0.007342 | MAE=0.035147 | RMSE=0.085683 | LR=7.00e-04
Epoch 739 | Loss(MSE)=0.007343 | MAE=0.034966 | RMSE=0.085694 | LR=7.00e-04
Epoch 740 | Loss(MSE)=0.007344 | MAE=0.035193 | RMSE=0.085694 | LR=6.99e-04
Epoch 741 | Loss(MSE)=0.007350 | MAE=0.035131 | RMSE=0.085730 | LR=6.98e-04
Epoch 742 | Loss(MSE)=0.007345 | MAE=0.035132 | RMSE=0.085701 | LR=6.97e-04
Epoch 743 | Loss(MSE)=0.007339 | MAE=0.035189 | RMSE=0.085666 | LR=6.97e-04
Epoch 744 | Loss(MSE)=0.007346 | MAE=0.035093 | RMSE=0.085708 | LR=6.96e-04
Epoch 745 | Loss(MSE)=0.007349 | MAE=0.035116 | RMSE=0.085727 | LR=6.95e-04
Epoch 746 | Loss(MSE)=0.007339 | MAE=0.035135 | RMSE=0.085668 | LR=6.95e-04
Epoch 747 | Loss(MSE)=0.007345 | MAE=0.035041 | RMSE=0.085705 | LR=6.94e-04
Epoch 748 | Loss(MSE)=0.007344 | MAE=0.035209 | RMSE=0.085699 | LR=6.93e-04
Epoch 749 | Loss(MSE)=0.007346 | MAE=0.035102 | RMSE=0.085710 | LR=6.92e-04
Epoch 750 | Loss(MSE)=0.007359 | MAE=0.035138 | RMSE=0.085785 | LR=6.92e-04
Epoch 751 | Loss(MSE)=0.007344 | MAE=0.035089 | RMSE=0.085700 | LR=6.91e-04
Epoch 752 | Loss(MSE)=0.007349 | MAE=0.035188 | RMSE=0.085727 | LR=6.90e-04
Epoch 753 | Loss(MSE)=0.007348 | MAE=0.034987 | RMSE=0.085721 | LR=6.89e-04
Epoch 754 | Loss(MSE)=0.007351 | MAE=0.035267 | RMSE=0.085737 | LR=6.89e-04
Epoch 755 | Loss(MSE)=0.007347 | MAE=0.035069 | RMSE=0.085717 | LR=6.88e-04
Epoch 756 | Loss(MSE)=0.007348 | MAE=0.035250 | RMSE=0.085723 | LR=6.87e-04
Epoch 757 | Loss(MSE)=0.007355 | MAE=0.035100 | RMSE=0.085762 | LR=6.87e-04
Epoch 758 | Loss(MSE)=0.007339 | MAE=0.035155 | RMSE=0.085667 | LR=6.86e-04
Epoch 759 | Loss(MSE)=0.007342 | MAE=0.035080 | RMSE=0.085685 | LR=6.85e-04
Epoch 760 | Loss(MSE)=0.007348 | MAE=0.035204 | RMSE=0.085721 | LR=6.84e-04
Epoch 761 | Loss(MSE)=0.007351 | MAE=0.034825 | RMSE=0.085740 | LR=6.84e-04
Epoch 762 | Loss(MSE)=0.007347 | MAE=0.035330 | RMSE=0.085713 | LR=6.83e-04
Epoch 763 | Loss(MSE)=0.007338 | MAE=0.035098 | RMSE=0.085663 | LR=6.82e-04
Epoch 764 | Loss(MSE)=0.007354 | MAE=0.035131 | RMSE=0.085754 | LR=6.81e-04
Epoch 765 | Loss(MSE)=0.007339 | MAE=0.035072 | RMSE=0.085671 | LR=6.81e-04
Epoch 766 | Loss(MSE)=0.007339 | MAE=0.035136 | RMSE=0.085666 | LR=6.80e-04
Epoch 767 | Loss(MSE)=0.007344 | MAE=0.035041 | RMSE=0.085696 | LR=6.79e-04
Epoch 768 | Loss(MSE)=0.007349 | MAE=0.035136 | RMSE=0.085727 | LR=6.79e-04
Epoch 769 | Loss(MSE)=0.007339 | MAE=0.035042 | RMSE=0.085670 | LR=6.78e-04
Epoch 770 | Loss(MSE)=0.007345 | MAE=0.035119 | RMSE=0.085704 | LR=6.77e-04
Epoch 771 | Loss(MSE)=0.007342 | MAE=0.035191 | RMSE=0.085683 | LR=6.76e-04
Epoch 772 | Loss(MSE)=0.007355 | MAE=0.035043 | RMSE=0.085761 | LR=6.76e-04
Epoch 773 | Loss(MSE)=0.007345 | MAE=0.035171 | RMSE=0.085705 | LR=6.75e-04
Epoch 774 | Loss(MSE)=0.007344 | MAE=0.035060 | RMSE=0.085699 | LR=6.74e-04
Epoch 775 | Loss(MSE)=0.007348 | MAE=0.035126 | RMSE=0.085722 | LR=6.73e-04
Epoch 776 | Loss(MSE)=0.007346 | MAE=0.035061 | RMSE=0.085709 | LR=6.73e-04
Epoch 777 | Loss(MSE)=0.007333 | MAE=0.035102 | RMSE=0.085636 | LR=6.72e-04
Epoch 778 | Loss(MSE)=0.007344 | MAE=0.035077 | RMSE=0.085696 | LR=6.71e-04
Epoch 779 | Loss(MSE)=0.007344 | MAE=0.035089 | RMSE=0.085696 | LR=6.70e-04
Epoch 780 | Loss(MSE)=0.007335 | MAE=0.035102 | RMSE=0.085643 | LR=6.70e-04
Epoch 781 | Loss(MSE)=0.007344 | MAE=0.035326 | RMSE=0.085697 | LR=6.69e-04
Epoch 782 | Loss(MSE)=0.007347 | MAE=0.035073 | RMSE=0.085716 | LR=6.68e-04
Epoch 783 | Loss(MSE)=0.007351 | MAE=0.034984 | RMSE=0.085737 | LR=6.67e-04
Epoch 784 | Loss(MSE)=0.007351 | MAE=0.035199 | RMSE=0.085735 | LR=6.67e-04
Epoch 785 | Loss(MSE)=0.007344 | MAE=0.035114 | RMSE=0.085698 | LR=6.66e-04
Epoch 786 | Loss(MSE)=0.007344 | MAE=0.035172 | RMSE=0.085695 | LR=6.65e-04
Epoch 787 | Loss(MSE)=0.007352 | MAE=0.035163 | RMSE=0.085746 | LR=6.65e-04
Epoch 788 | Loss(MSE)=0.007350 | MAE=0.035069 | RMSE=0.085734 | LR=6.64e-04
Epoch 789 | Loss(MSE)=0.007342 | MAE=0.035154 | RMSE=0.085684 | LR=6.63e-04
Epoch 790 | Loss(MSE)=0.007352 | MAE=0.035026 | RMSE=0.085743 | LR=6.62e-04
Epoch 791 | Loss(MSE)=0.007336 | MAE=0.035240 | RMSE=0.085653 | LR=6.62e-04
Epoch 792 | Loss(MSE)=0.007347 | MAE=0.035090 | RMSE=0.085712 | LR=6.61e-04
Epoch 793 | Loss(MSE)=0.007344 | MAE=0.035040 | RMSE=0.085698 | LR=6.60e-04
Epoch 794 | Loss(MSE)=0.007346 | MAE=0.035178 | RMSE=0.085707 | LR=6.59e-04
Epoch 795 | Loss(MSE)=0.007347 | MAE=0.035098 | RMSE=0.085715 | LR=6.59e-04
Epoch 796 | Loss(MSE)=0.007347 | MAE=0.035125 | RMSE=0.085717 | LR=6.58e-04
Epoch 797 | Loss(MSE)=0.007353 | MAE=0.035212 | RMSE=0.085748 | LR=6.57e-04
Epoch 798 | Loss(MSE)=0.007336 | MAE=0.035153 | RMSE=0.085652 | LR=6.56e-04
Epoch 799 | Loss(MSE)=0.007346 | MAE=0.035122 | RMSE=0.085710 | LR=6.56e-04
Epoch 800 | Loss(MSE)=0.007343 | MAE=0.035289 | RMSE=0.085689 | LR=6.55e-04
Epoch 801 | Loss(MSE)=0.007343 | MAE=0.035186 | RMSE=0.085692 | LR=6.54e-04
Epoch 802 | Loss(MSE)=0.007347 | MAE=0.035000 | RMSE=0.085717 | LR=6.53e-04
Epoch 803 | Loss(MSE)=0.007347 | MAE=0.035121 | RMSE=0.085716 | LR=6.53e-04
Epoch 804 | Loss(MSE)=0.007343 | MAE=0.035120 | RMSE=0.085693 | LR=6.52e-04
Epoch 805 | Loss(MSE)=0.007349 | MAE=0.035201 | RMSE=0.085725 | LR=6.51e-04
Epoch 806 | Loss(MSE)=0.007345 | MAE=0.035130 | RMSE=0.085703 | LR=6.50e-04
Epoch 807 | Loss(MSE)=0.007347 | MAE=0.035160 | RMSE=0.085713 | LR=6.50e-04
Epoch 808 | Loss(MSE)=0.007350 | MAE=0.035253 | RMSE=0.085734 | LR=6.49e-04
Epoch 809 | Loss(MSE)=0.007342 | MAE=0.035099 | RMSE=0.085688 | LR=6.48e-04
Epoch 810 | Loss(MSE)=0.007345 | MAE=0.035278 | RMSE=0.085703 | LR=6.47e-04
Epoch 811 | Loss(MSE)=0.007339 | MAE=0.035061 | RMSE=0.085670 | LR=6.47e-04
Epoch 812 | Loss(MSE)=0.007339 | MAE=0.035172 | RMSE=0.085670 | LR=6.46e-04
Epoch 813 | Loss(MSE)=0.007332 | MAE=0.035030 | RMSE=0.085628 | LR=6.45e-04
Epoch 814 | Loss(MSE)=0.007347 | MAE=0.035136 | RMSE=0.085713 | LR=6.44e-04
Epoch 815 | Loss(MSE)=0.007352 | MAE=0.035083 | RMSE=0.085746 | LR=6.44e-04
Epoch 816 | Loss(MSE)=0.007353 | MAE=0.035080 | RMSE=0.085747 | LR=6.43e-04
Epoch 817 | Loss(MSE)=0.007352 | MAE=0.035089 | RMSE=0.085742 | LR=6.42e-04
Epoch 818 | Loss(MSE)=0.007338 | MAE=0.035072 | RMSE=0.085662 | LR=6.41e-04
Epoch 819 | Loss(MSE)=0.007340 | MAE=0.035265 | RMSE=0.085673 | LR=6.41e-04
Epoch 820 | Loss(MSE)=0.007339 | MAE=0.035124 | RMSE=0.085669 | LR=6.40e-04
Epoch 821 | Loss(MSE)=0.007340 | MAE=0.035038 | RMSE=0.085672 | LR=6.39e-04
Epoch 822 | Loss(MSE)=0.007350 | MAE=0.035135 | RMSE=0.085730 | LR=6.38e-04
Epoch 823 | Loss(MSE)=0.007340 | MAE=0.035244 | RMSE=0.085676 | LR=6.38e-04
Epoch 824 | Loss(MSE)=0.007343 | MAE=0.035153 | RMSE=0.085691 | LR=6.37e-04
Epoch 825 | Loss(MSE)=0.007345 | MAE=0.035008 | RMSE=0.085706 | LR=6.36e-04
Epoch 826 | Loss(MSE)=0.007345 | MAE=0.035199 | RMSE=0.085706 | LR=6.35e-04
Epoch 827 | Loss(MSE)=0.007334 | MAE=0.035051 | RMSE=0.085640 | LR=6.35e-04
Epoch 828 | Loss(MSE)=0.007339 | MAE=0.035155 | RMSE=0.085667 | LR=6.34e-04
Epoch 829 | Loss(MSE)=0.007341 | MAE=0.034924 | RMSE=0.085681 | LR=6.33e-04
Epoch 830 | Loss(MSE)=0.007344 | MAE=0.035168 | RMSE=0.085697 | LR=6.32e-04
Epoch 831 | Loss(MSE)=0.007342 | MAE=0.035137 | RMSE=0.085685 | LR=6.32e-04
Epoch 832 | Loss(MSE)=0.007340 | MAE=0.035131 | RMSE=0.085675 | LR=6.31e-04
Epoch 833 | Loss(MSE)=0.007345 | MAE=0.035205 | RMSE=0.085701 | LR=6.30e-04
Epoch 834 | Loss(MSE)=0.007349 | MAE=0.035049 | RMSE=0.085728 | LR=6.29e-04
Epoch 835 | Loss(MSE)=0.007354 | MAE=0.035179 | RMSE=0.085755 | LR=6.29e-04
Epoch 836 | Loss(MSE)=0.007349 | MAE=0.035089 | RMSE=0.085725 | LR=6.28e-04
Epoch 837 | Loss(MSE)=0.007349 | MAE=0.035179 | RMSE=0.085724 | LR=6.27e-04
Epoch 838 | Loss(MSE)=0.007344 | MAE=0.035071 | RMSE=0.085696 | LR=6.26e-04
Epoch 839 | Loss(MSE)=0.007347 | MAE=0.035154 | RMSE=0.085715 | LR=6.25e-04
Epoch 840 | Loss(MSE)=0.007345 | MAE=0.035211 | RMSE=0.085702 | LR=6.25e-04
Epoch 841 | Loss(MSE)=0.007347 | MAE=0.035236 | RMSE=0.085716 | LR=6.24e-04
Epoch 842 | Loss(MSE)=0.007343 | MAE=0.035029 | RMSE=0.085691 | LR=6.23e-04
Epoch 843 | Loss(MSE)=0.007349 | MAE=0.035059 | RMSE=0.085726 | LR=6.22e-04
Epoch 844 | Loss(MSE)=0.007342 | MAE=0.035192 | RMSE=0.085684 | LR=6.22e-04
Epoch 845 | Loss(MSE)=0.007347 | MAE=0.035058 | RMSE=0.085713 | LR=6.21e-04
Epoch 846 | Loss(MSE)=0.007347 | MAE=0.035234 | RMSE=0.085713 | LR=6.20e-04
Epoch 847 | Loss(MSE)=0.007341 | MAE=0.035176 | RMSE=0.085680 | LR=6.19e-04
Epoch 848 | Loss(MSE)=0.007340 | MAE=0.035056 | RMSE=0.085676 | LR=6.19e-04
Epoch 849 | Loss(MSE)=0.007336 | MAE=0.035195 | RMSE=0.085652 | LR=6.18e-04
Epoch 850 | Loss(MSE)=0.007343 | MAE=0.035126 | RMSE=0.085689 | LR=6.17e-04
Epoch 851 | Loss(MSE)=0.007346 | MAE=0.035157 | RMSE=0.085706 | LR=6.16e-04
Epoch 852 | Loss(MSE)=0.007341 | MAE=0.035171 | RMSE=0.085680 | LR=6.16e-04
Epoch 853 | Loss(MSE)=0.007339 | MAE=0.035172 | RMSE=0.085670 | LR=6.15e-04
Epoch 854 | Loss(MSE)=0.007343 | MAE=0.035041 | RMSE=0.085693 | LR=6.14e-04
Epoch 855 | Loss(MSE)=0.007352 | MAE=0.035274 | RMSE=0.085745 | LR=6.13e-04
Epoch 856 | Loss(MSE)=0.007346 | MAE=0.035113 | RMSE=0.085707 | LR=6.13e-04
Epoch 857 | Loss(MSE)=0.007347 | MAE=0.035119 | RMSE=0.085716 | LR=6.12e-04
Epoch 858 | Loss(MSE)=0.007351 | MAE=0.035135 | RMSE=0.085736 | LR=6.11e-04
Epoch 859 | Loss(MSE)=0.007347 | MAE=0.035166 | RMSE=0.085712 | LR=6.10e-04
Epoch 860 | Loss(MSE)=0.007337 | MAE=0.035322 | RMSE=0.085658 | LR=6.09e-04
Epoch 861 | Loss(MSE)=0.007342 | MAE=0.035109 | RMSE=0.085686 | LR=6.09e-04
Epoch 862 | Loss(MSE)=0.007346 | MAE=0.035128 | RMSE=0.085707 | LR=6.08e-04
Epoch 863 | Loss(MSE)=0.007341 | MAE=0.035040 | RMSE=0.085678 | LR=6.07e-04
Epoch 864 | Loss(MSE)=0.007346 | MAE=0.035171 | RMSE=0.085709 | LR=6.06e-04
Epoch 865 | Loss(MSE)=0.007346 | MAE=0.035068 | RMSE=0.085708 | LR=6.06e-04
Epoch 866 | Loss(MSE)=0.007342 | MAE=0.035036 | RMSE=0.085688 | LR=6.05e-04
Epoch 867 | Loss(MSE)=0.007350 | MAE=0.035117 | RMSE=0.085734 | LR=6.04e-04
Epoch 868 | Loss(MSE)=0.007340 | MAE=0.035134 | RMSE=0.085672 | LR=6.03e-04
Epoch 869 | Loss(MSE)=0.007342 | MAE=0.035065 | RMSE=0.085684 | LR=6.03e-04
Epoch 870 | Loss(MSE)=0.007346 | MAE=0.035276 | RMSE=0.085710 | LR=6.02e-04
Epoch 871 | Loss(MSE)=0.007342 | MAE=0.035088 | RMSE=0.085683 | LR=6.01e-04
Epoch 872 | Loss(MSE)=0.007346 | MAE=0.035171 | RMSE=0.085710 | LR=6.00e-04
Epoch 873 | Loss(MSE)=0.007336 | MAE=0.035148 | RMSE=0.085649 | LR=5.99e-04
Epoch 874 | Loss(MSE)=0.007343 | MAE=0.035053 | RMSE=0.085689 | LR=5.99e-04
Epoch 875 | Loss(MSE)=0.007336 | MAE=0.035052 | RMSE=0.085649 | LR=5.98e-04
Epoch 876 | Loss(MSE)=0.007345 | MAE=0.035188 | RMSE=0.085704 | LR=5.97e-04
Epoch 877 | Loss(MSE)=0.007339 | MAE=0.035094 | RMSE=0.085670 | LR=5.96e-04
Epoch 878 | Loss(MSE)=0.007343 | MAE=0.035079 | RMSE=0.085691 | LR=5.96e-04
Epoch 879 | Loss(MSE)=0.007338 | MAE=0.035068 | RMSE=0.085662 | LR=5.95e-04
Epoch 880 | Loss(MSE)=0.007334 | MAE=0.035138 | RMSE=0.085639 | LR=5.94e-04
Epoch 881 | Loss(MSE)=0.007342 | MAE=0.035091 | RMSE=0.085688 | LR=5.93e-04
Epoch 882 | Loss(MSE)=0.007345 | MAE=0.035107 | RMSE=0.085705 | LR=5.93e-04
Epoch 883 | Loss(MSE)=0.007345 | MAE=0.035083 | RMSE=0.085701 | LR=5.92e-04
Epoch 884 | Loss(MSE)=0.007336 | MAE=0.035268 | RMSE=0.085649 | LR=5.91e-04
Epoch 885 | Loss(MSE)=0.007338 | MAE=0.035194 | RMSE=0.085661 | LR=5.90e-04
Epoch 886 | Loss(MSE)=0.007349 | MAE=0.034957 | RMSE=0.085727 | LR=5.89e-04
Epoch 887 | Loss(MSE)=0.007339 | MAE=0.035255 | RMSE=0.085670 | LR=5.89e-04
Epoch 888 | Loss(MSE)=0.007352 | MAE=0.035156 | RMSE=0.085743 | LR=5.88e-04
Epoch 889 | Loss(MSE)=0.007340 | MAE=0.035126 | RMSE=0.085675 | LR=5.87e-04
Epoch 890 | Loss(MSE)=0.007345 | MAE=0.035254 | RMSE=0.085704 | LR=5.86e-04
Epoch 891 | Loss(MSE)=0.007347 | MAE=0.034898 | RMSE=0.085714 | LR=5.86e-04
Epoch 892 | Loss(MSE)=0.007351 | MAE=0.035198 | RMSE=0.085737 | LR=5.85e-04
Epoch 893 | Loss(MSE)=0.007346 | MAE=0.034943 | RMSE=0.085708 | LR=5.84e-04
Epoch 894 | Loss(MSE)=0.007352 | MAE=0.035428 | RMSE=0.085744 | LR=5.83e-04
Epoch 895 | Loss(MSE)=0.007346 | MAE=0.035173 | RMSE=0.085707 | LR=5.83e-04
Epoch 896 | Loss(MSE)=0.007345 | MAE=0.035134 | RMSE=0.085703 | LR=5.82e-04
Epoch 897 | Loss(MSE)=0.007340 | MAE=0.035112 | RMSE=0.085673 | LR=5.81e-04
Epoch 898 | Loss(MSE)=0.007352 | MAE=0.035230 | RMSE=0.085742 | LR=5.80e-04
Epoch 899 | Loss(MSE)=0.007340 | MAE=0.035001 | RMSE=0.085675 | LR=5.79e-04
Epoch 900 | Loss(MSE)=0.007346 | MAE=0.035107 | RMSE=0.085708 | LR=5.79e-04
Epoch 901 | Loss(MSE)=0.007345 | MAE=0.035118 | RMSE=0.085701 | LR=5.78e-04
Epoch 902 | Loss(MSE)=0.007353 | MAE=0.035162 | RMSE=0.085752 | LR=5.77e-04
Epoch 903 | Loss(MSE)=0.007339 | MAE=0.035091 | RMSE=0.085665 | LR=5.76e-04
Epoch 904 | Loss(MSE)=0.007345 | MAE=0.035070 | RMSE=0.085705 | LR=5.76e-04
Epoch 905 | Loss(MSE)=0.007345 | MAE=0.035198 | RMSE=0.085701 | LR=5.75e-04
Epoch 906 | Loss(MSE)=0.007344 | MAE=0.035219 | RMSE=0.085695 | LR=5.74e-04
Epoch 907 | Loss(MSE)=0.007346 | MAE=0.035091 | RMSE=0.085710 | LR=5.73e-04
Epoch 908 | Loss(MSE)=0.007347 | MAE=0.035154 | RMSE=0.085712 | LR=5.72e-04
Epoch 909 | Loss(MSE)=0.007336 | MAE=0.035239 | RMSE=0.085651 | LR=5.72e-04
Epoch 910 | Loss(MSE)=0.007346 | MAE=0.034944 | RMSE=0.085709 | LR=5.71e-04
Epoch 911 | Loss(MSE)=0.007344 | MAE=0.035321 | RMSE=0.085695 | LR=5.70e-04
Epoch 912 | Loss(MSE)=0.007348 | MAE=0.035130 | RMSE=0.085723 | LR=5.69e-04
Epoch 913 | Loss(MSE)=0.007334 | MAE=0.035311 | RMSE=0.085637 | LR=5.69e-04
Epoch 914 | Loss(MSE)=0.007347 | MAE=0.035250 | RMSE=0.085714 | LR=5.68e-04
Epoch 915 | Loss(MSE)=0.007344 | MAE=0.034931 | RMSE=0.085695 | LR=5.67e-04
Epoch 916 | Loss(MSE)=0.007353 | MAE=0.035235 | RMSE=0.085751 | LR=5.66e-04
Epoch 917 | Loss(MSE)=0.007340 | MAE=0.035166 | RMSE=0.085674 | LR=5.65e-04
Epoch 918 | Loss(MSE)=0.007347 | MAE=0.035127 | RMSE=0.085717 | LR=5.65e-04
Epoch 919 | Loss(MSE)=0.007339 | MAE=0.035281 | RMSE=0.085666 | LR=5.64e-04
Epoch 920 | Loss(MSE)=0.007344 | MAE=0.035155 | RMSE=0.085700 | LR=5.63e-04
Epoch 921 | Loss(MSE)=0.007336 | MAE=0.035244 | RMSE=0.085652 | LR=5.62e-04
Epoch 922 | Loss(MSE)=0.007340 | MAE=0.035038 | RMSE=0.085672 | LR=5.62e-04
Epoch 923 | Loss(MSE)=0.007351 | MAE=0.035170 | RMSE=0.085735 | LR=5.61e-04
Epoch 924 | Loss(MSE)=0.007344 | MAE=0.035149 | RMSE=0.085698 | LR=5.60e-04
Epoch 925 | Loss(MSE)=0.007345 | MAE=0.035263 | RMSE=0.085700 | LR=5.59e-04
Epoch 926 | Loss(MSE)=0.007339 | MAE=0.035186 | RMSE=0.085668 | LR=5.58e-04
Epoch 927 | Loss(MSE)=0.007334 | MAE=0.035249 | RMSE=0.085639 | LR=5.58e-04
Epoch 928 | Loss(MSE)=0.007338 | MAE=0.035114 | RMSE=0.085664 | LR=5.57e-04
Epoch 929 | Loss(MSE)=0.007349 | MAE=0.035136 | RMSE=0.085727 | LR=5.56e-04
Epoch 930 | Loss(MSE)=0.007343 | MAE=0.035146 | RMSE=0.085690 | LR=5.55e-04
Epoch 931 | Loss(MSE)=0.007343 | MAE=0.035203 | RMSE=0.085691 | LR=5.55e-04
Epoch 932 | Loss(MSE)=0.007343 | MAE=0.035043 | RMSE=0.085694 | LR=5.54e-04
Epoch 933 | Loss(MSE)=0.007347 | MAE=0.035048 | RMSE=0.085718 | LR=5.53e-04
Epoch 934 | Loss(MSE)=0.007344 | MAE=0.035216 | RMSE=0.085698 | LR=5.52e-04
Epoch 935 | Loss(MSE)=0.007341 | MAE=0.035168 | RMSE=0.085680 | LR=5.51e-04
Epoch 936 | Loss(MSE)=0.007347 | MAE=0.035096 | RMSE=0.085713 | LR=5.51e-04
Epoch 937 | Loss(MSE)=0.007333 | MAE=0.035177 | RMSE=0.085631 | LR=5.50e-04
Epoch 938 | Loss(MSE)=0.007342 | MAE=0.035112 | RMSE=0.085688 | LR=5.49e-04
Epoch 939 | Loss(MSE)=0.007341 | MAE=0.035118 | RMSE=0.085680 | LR=5.48e-04
Epoch 940 | Loss(MSE)=0.007347 | MAE=0.035266 | RMSE=0.085716 | LR=5.48e-04
Epoch 941 | Loss(MSE)=0.007353 | MAE=0.035228 | RMSE=0.085750 | LR=5.47e-04
Epoch 942 | Loss(MSE)=0.007353 | MAE=0.035118 | RMSE=0.085750 | LR=5.46e-04
Epoch 943 | Loss(MSE)=0.007350 | MAE=0.035356 | RMSE=0.085734 | LR=5.45e-04
Epoch 944 | Loss(MSE)=0.007342 | MAE=0.035165 | RMSE=0.085687 | LR=5.44e-04
Epoch 945 | Loss(MSE)=0.007339 | MAE=0.035094 | RMSE=0.085668 | LR=5.44e-04
Epoch 946 | Loss(MSE)=0.007349 | MAE=0.035248 | RMSE=0.085726 | LR=5.43e-04
Epoch 947 | Loss(MSE)=0.007342 | MAE=0.035101 | RMSE=0.085688 | LR=5.42e-04
Epoch 948 | Loss(MSE)=0.007341 | MAE=0.035170 | RMSE=0.085680 | LR=5.41e-04
Epoch 949 | Loss(MSE)=0.007341 | MAE=0.035088 | RMSE=0.085680 | LR=5.40e-04
Epoch 950 | Loss(MSE)=0.007344 | MAE=0.035173 | RMSE=0.085696 | LR=5.40e-04
Epoch 951 | Loss(MSE)=0.007341 | MAE=0.035179 | RMSE=0.085682 | LR=5.39e-04
Epoch 952 | Loss(MSE)=0.007346 | MAE=0.035237 | RMSE=0.085707 | LR=5.38e-04
Epoch 953 | Loss(MSE)=0.007340 | MAE=0.035151 | RMSE=0.085676 | LR=5.37e-04
Epoch 954 | Loss(MSE)=0.007341 | MAE=0.035205 | RMSE=0.085680 | LR=5.37e-04
Epoch 955 | Loss(MSE)=0.007345 | MAE=0.035139 | RMSE=0.085700 | LR=5.36e-04
Epoch 956 | Loss(MSE)=0.007343 | MAE=0.035075 | RMSE=0.085691 | LR=5.35e-04
Epoch 957 | Loss(MSE)=0.007338 | MAE=0.035256 | RMSE=0.085660 | LR=5.34e-04
Epoch 958 | Loss(MSE)=0.007345 | MAE=0.034983 | RMSE=0.085700 | LR=5.33e-04
Epoch 959 | Loss(MSE)=0.007342 | MAE=0.035313 | RMSE=0.085685 | LR=5.33e-04
Epoch 960 | Loss(MSE)=0.007339 | MAE=0.035223 | RMSE=0.085670 | LR=5.32e-04
Epoch 961 | Loss(MSE)=0.007349 | MAE=0.035031 | RMSE=0.085725 | LR=5.31e-04
Epoch 962 | Loss(MSE)=0.007348 | MAE=0.035247 | RMSE=0.085720 | LR=5.30e-04
Epoch 963 | Loss(MSE)=0.007352 | MAE=0.035232 | RMSE=0.085743 | LR=5.30e-04
Epoch 964 | Loss(MSE)=0.007340 | MAE=0.035005 | RMSE=0.085674 | LR=5.29e-04
Epoch 965 | Loss(MSE)=0.007343 | MAE=0.035326 | RMSE=0.085690 | LR=5.28e-04
Epoch 966 | Loss(MSE)=0.007339 | MAE=0.035180 | RMSE=0.085671 | LR=5.27e-04
Epoch 967 | Loss(MSE)=0.007347 | MAE=0.034961 | RMSE=0.085715 | LR=5.26e-04
Epoch 968 | Loss(MSE)=0.007348 | MAE=0.035359 | RMSE=0.085718 | LR=5.26e-04
Epoch 969 | Loss(MSE)=0.007332 | MAE=0.035077 | RMSE=0.085626 | LR=5.25e-04
Epoch 970 | Loss(MSE)=0.007344 | MAE=0.035205 | RMSE=0.085696 | LR=5.24e-04
Epoch 971 | Loss(MSE)=0.007346 | MAE=0.035223 | RMSE=0.085711 | LR=5.23e-04
Epoch 972 | Loss(MSE)=0.007343 | MAE=0.035016 | RMSE=0.085693 | LR=5.22e-04
Epoch 973 | Loss(MSE)=0.007340 | MAE=0.035176 | RMSE=0.085673 | LR=5.22e-04
Epoch 974 | Loss(MSE)=0.007345 | MAE=0.035221 | RMSE=0.085705 | LR=5.21e-04
Epoch 975 | Loss(MSE)=0.007336 | MAE=0.035285 | RMSE=0.085651 | LR=5.20e-04
Epoch 976 | Loss(MSE)=0.007345 | MAE=0.035045 | RMSE=0.085700 | LR=5.19e-04
Epoch 977 | Loss(MSE)=0.007342 | MAE=0.035219 | RMSE=0.085684 | LR=5.19e-04
Epoch 978 | Loss(MSE)=0.007345 | MAE=0.035104 | RMSE=0.085700 | LR=5.18e-04
Epoch 979 | Loss(MSE)=0.007339 | MAE=0.035179 | RMSE=0.085666 | LR=5.17e-04
Epoch 980 | Loss(MSE)=0.007347 | MAE=0.035260 | RMSE=0.085716 | LR=5.16e-04
Epoch 981 | Loss(MSE)=0.007336 | MAE=0.035124 | RMSE=0.085648 | LR=5.15e-04
Epoch 982 | Loss(MSE)=0.007345 | MAE=0.035183 | RMSE=0.085703 | LR=5.15e-04
Epoch 983 | Loss(MSE)=0.007346 | MAE=0.035145 | RMSE=0.085709 | LR=5.14e-04
Epoch 984 | Loss(MSE)=0.007339 | MAE=0.035109 | RMSE=0.085666 | LR=5.13e-04
Epoch 985 | Loss(MSE)=0.007338 | MAE=0.035171 | RMSE=0.085663 | LR=5.12e-04
Epoch 986 | Loss(MSE)=0.007341 | MAE=0.035100 | RMSE=0.085681 | LR=5.11e-04
Epoch 987 | Loss(MSE)=0.007340 | MAE=0.035323 | RMSE=0.085676 | LR=5.11e-04
Epoch 988 | Loss(MSE)=0.007342 | MAE=0.035162 | RMSE=0.085688 | LR=5.10e-04
Epoch 989 | Loss(MSE)=0.007343 | MAE=0.035131 | RMSE=0.085692 | LR=5.09e-04
Epoch 990 | Loss(MSE)=0.007341 | MAE=0.035165 | RMSE=0.085680 | LR=5.08e-04
Epoch 991 | Loss(MSE)=0.007341 | MAE=0.035079 | RMSE=0.085678 | LR=5.08e-04
Epoch 992 | Loss(MSE)=0.007345 | MAE=0.035278 | RMSE=0.085703 | LR=5.07e-04
Epoch 993 | Loss(MSE)=0.007348 | MAE=0.035176 | RMSE=0.085723 | LR=5.06e-04
Epoch 994 | Loss(MSE)=0.007340 | MAE=0.035150 | RMSE=0.085671 | LR=5.05e-04
Epoch 995 | Loss(MSE)=0.007342 | MAE=0.035224 | RMSE=0.085688 | LR=5.04e-04
Epoch 996 | Loss(MSE)=0.007351 | MAE=0.035103 | RMSE=0.085740 | LR=5.04e-04
Epoch 997 | Loss(MSE)=0.007339 | MAE=0.035250 | RMSE=0.085670 | LR=5.03e-04
Epoch 998 | Loss(MSE)=0.007344 | MAE=0.035213 | RMSE=0.085699 | LR=5.02e-04
Epoch 999 | Loss(MSE)=0.007343 | MAE=0.035269 | RMSE=0.085691 | LR=5.01e-04
Epoch 1000 | Loss(MSE)=0.007339 | MAE=0.035011 | RMSE=0.085670 | LR=5.00e-04
Epoch 1001 | Loss(MSE)=0.007342 | MAE=0.035239 | RMSE=0.085687 | LR=5.00e-04
Epoch 1002 | Loss(MSE)=0.007345 | MAE=0.035077 | RMSE=0.085702 | LR=4.99e-04
Epoch 1003 | Loss(MSE)=0.007340 | MAE=0.035256 | RMSE=0.085671 | LR=4.98e-04
Epoch 1004 | Loss(MSE)=0.007346 | MAE=0.035095 | RMSE=0.085710 | LR=4.97e-04
Epoch 1005 | Loss(MSE)=0.007337 | MAE=0.035104 | RMSE=0.085658 | LR=4.97e-04
Epoch 1006 | Loss(MSE)=0.007347 | MAE=0.035336 | RMSE=0.085714 | LR=4.96e-04
Epoch 1007 | Loss(MSE)=0.007339 | MAE=0.035057 | RMSE=0.085668 | LR=4.95e-04
Epoch 1008 | Loss(MSE)=0.007350 | MAE=0.035176 | RMSE=0.085734 | LR=4.94e-04
Epoch 1009 | Loss(MSE)=0.007337 | MAE=0.035316 | RMSE=0.085656 | LR=4.93e-04
Epoch 1010 | Loss(MSE)=0.007339 | MAE=0.035153 | RMSE=0.085671 | LR=4.93e-04
Epoch 1011 | Loss(MSE)=0.007343 | MAE=0.035087 | RMSE=0.085688 | LR=4.92e-04
Epoch 1012 | Loss(MSE)=0.007340 | MAE=0.035087 | RMSE=0.085674 | LR=4.91e-04
Epoch 1013 | Loss(MSE)=0.007343 | MAE=0.035102 | RMSE=0.085692 | LR=4.90e-04
Epoch 1014 | Loss(MSE)=0.007334 | MAE=0.035112 | RMSE=0.085641 | LR=4.90e-04
Epoch 1015 | Loss(MSE)=0.007345 | MAE=0.035282 | RMSE=0.085705 | LR=4.89e-04
Epoch 1016 | Loss(MSE)=0.007342 | MAE=0.035064 | RMSE=0.085686 | LR=4.88e-04
Epoch 1017 | Loss(MSE)=0.007341 | MAE=0.035168 | RMSE=0.085682 | LR=4.87e-04
Epoch 1018 | Loss(MSE)=0.007345 | MAE=0.035061 | RMSE=0.085704 | LR=4.86e-04
Epoch 1019 | Loss(MSE)=0.007341 | MAE=0.035209 | RMSE=0.085678 | LR=4.86e-04
Epoch 1020 | Loss(MSE)=0.007337 | MAE=0.035173 | RMSE=0.085655 | LR=4.85e-04
Epoch 1021 | Loss(MSE)=0.007350 | MAE=0.035151 | RMSE=0.085733 | LR=4.84e-04
Epoch 1022 | Loss(MSE)=0.007340 | MAE=0.035118 | RMSE=0.085671 | LR=4.83e-04
Epoch 1023 | Loss(MSE)=0.007341 | MAE=0.035174 | RMSE=0.085677 | LR=4.82e-04
Epoch 1024 | Loss(MSE)=0.007339 | MAE=0.035156 | RMSE=0.085668 | LR=4.82e-04
Epoch 1025 | Loss(MSE)=0.007331 | MAE=0.035102 | RMSE=0.085623 | LR=4.81e-04
Epoch 1026 | Loss(MSE)=0.007341 | MAE=0.035078 | RMSE=0.085678 | LR=4.80e-04
Epoch 1027 | Loss(MSE)=0.007343 | MAE=0.035265 | RMSE=0.085694 | LR=4.79e-04
Epoch 1028 | Loss(MSE)=0.007344 | MAE=0.035170 | RMSE=0.085699 | LR=4.79e-04
Epoch 1029 | Loss(MSE)=0.007341 | MAE=0.035336 | RMSE=0.085680 | LR=4.78e-04
Epoch 1030 | Loss(MSE)=0.007344 | MAE=0.035050 | RMSE=0.085696 | LR=4.77e-04
Epoch 1031 | Loss(MSE)=0.007336 | MAE=0.035126 | RMSE=0.085652 | LR=4.76e-04
Epoch 1032 | Loss(MSE)=0.007335 | MAE=0.035156 | RMSE=0.085642 | LR=4.75e-04
Epoch 1033 | Loss(MSE)=0.007340 | MAE=0.035200 | RMSE=0.085674 | LR=4.75e-04
Epoch 1034 | Loss(MSE)=0.007350 | MAE=0.035180 | RMSE=0.085733 | LR=4.74e-04
Epoch 1035 | Loss(MSE)=0.007340 | MAE=0.035062 | RMSE=0.085672 | LR=4.73e-04
Epoch 1036 | Loss(MSE)=0.007348 | MAE=0.035083 | RMSE=0.085718 | LR=4.72e-04
Epoch 1037 | Loss(MSE)=0.007339 | MAE=0.035286 | RMSE=0.085666 | LR=4.71e-04
Epoch 1038 | Loss(MSE)=0.007344 | MAE=0.035209 | RMSE=0.085698 | LR=4.71e-04
Epoch 1039 | Loss(MSE)=0.007344 | MAE=0.035178 | RMSE=0.085700 | LR=4.70e-04
Epoch 1040 | Loss(MSE)=0.007345 | MAE=0.035441 | RMSE=0.085705 | LR=4.69e-04
Epoch 1041 | Loss(MSE)=0.007338 | MAE=0.035022 | RMSE=0.085661 | LR=4.68e-04
Epoch 1042 | Loss(MSE)=0.007344 | MAE=0.035246 | RMSE=0.085699 | LR=4.68e-04
Epoch 1043 | Loss(MSE)=0.007342 | MAE=0.035034 | RMSE=0.085688 | LR=4.67e-04
Epoch 1044 | Loss(MSE)=0.007341 | MAE=0.035268 | RMSE=0.085677 | LR=4.66e-04
Epoch 1045 | Loss(MSE)=0.007344 | MAE=0.035222 | RMSE=0.085699 | LR=4.65e-04
Epoch 1046 | Loss(MSE)=0.007342 | MAE=0.035079 | RMSE=0.085685 | LR=4.64e-04
Epoch 1047 | Loss(MSE)=0.007345 | MAE=0.035245 | RMSE=0.085704 | LR=4.64e-04
Epoch 1048 | Loss(MSE)=0.007341 | MAE=0.035222 | RMSE=0.085682 | LR=4.63e-04
Epoch 1049 | Loss(MSE)=0.007352 | MAE=0.035084 | RMSE=0.085746 | LR=4.62e-04
Epoch 1050 | Loss(MSE)=0.007336 | MAE=0.035086 | RMSE=0.085652 | LR=4.61e-04
Epoch 1051 | Loss(MSE)=0.007345 | MAE=0.035237 | RMSE=0.085700 | LR=4.61e-04
Epoch 1052 | Loss(MSE)=0.007345 | MAE=0.035144 | RMSE=0.085703 | LR=4.60e-04
Epoch 1053 | Loss(MSE)=0.007339 | MAE=0.035290 | RMSE=0.085666 | LR=4.59e-04
Epoch 1054 | Loss(MSE)=0.007333 | MAE=0.035014 | RMSE=0.085635 | LR=4.58e-04
Epoch 1055 | Loss(MSE)=0.007338 | MAE=0.035082 | RMSE=0.085664 | LR=4.57e-04
Epoch 1056 | Loss(MSE)=0.007339 | MAE=0.035147 | RMSE=0.085667 | LR=4.57e-04
Epoch 1057 | Loss(MSE)=0.007348 | MAE=0.035124 | RMSE=0.085719 | LR=4.56e-04
Epoch 1058 | Loss(MSE)=0.007348 | MAE=0.035189 | RMSE=0.085718 | LR=4.55e-04
Epoch 1059 | Loss(MSE)=0.007342 | MAE=0.035113 | RMSE=0.085685 | LR=4.54e-04
Epoch 1060 | Loss(MSE)=0.007341 | MAE=0.035116 | RMSE=0.085679 | LR=4.53e-04
Epoch 1061 | Loss(MSE)=0.007344 | MAE=0.035178 | RMSE=0.085697 | LR=4.53e-04
Epoch 1062 | Loss(MSE)=0.007343 | MAE=0.035162 | RMSE=0.085693 | LR=4.52e-04
Epoch 1063 | Loss(MSE)=0.007340 | MAE=0.035031 | RMSE=0.085675 | LR=4.51e-04
Epoch 1064 | Loss(MSE)=0.007340 | MAE=0.035085 | RMSE=0.085673 | LR=4.50e-04
Epoch 1065 | Loss(MSE)=0.007335 | MAE=0.035360 | RMSE=0.085644 | LR=4.50e-04
Epoch 1066 | Loss(MSE)=0.007342 | MAE=0.035119 | RMSE=0.085686 | LR=4.49e-04
Epoch 1067 | Loss(MSE)=0.007340 | MAE=0.035106 | RMSE=0.085671 | LR=4.48e-04
Epoch 1068 | Loss(MSE)=0.007342 | MAE=0.035095 | RMSE=0.085684 | LR=4.47e-04
Epoch 1069 | Loss(MSE)=0.007344 | MAE=0.035068 | RMSE=0.085696 | LR=4.46e-04
Epoch 1070 | Loss(MSE)=0.007337 | MAE=0.035192 | RMSE=0.085656 | LR=4.46e-04
Epoch 1071 | Loss(MSE)=0.007343 | MAE=0.035178 | RMSE=0.085690 | LR=4.45e-04
Epoch 1072 | Loss(MSE)=0.007343 | MAE=0.035147 | RMSE=0.085691 | LR=4.44e-04
Epoch 1073 | Loss(MSE)=0.007338 | MAE=0.035185 | RMSE=0.085662 | LR=4.43e-04
Epoch 1074 | Loss(MSE)=0.007337 | MAE=0.035202 | RMSE=0.085655 | LR=4.43e-04
Epoch 1075 | Loss(MSE)=0.007340 | MAE=0.035079 | RMSE=0.085673 | LR=4.42e-04
Epoch 1076 | Loss(MSE)=0.007337 | MAE=0.035129 | RMSE=0.085655 | LR=4.41e-04
Epoch 1077 | Loss(MSE)=0.007336 | MAE=0.035061 | RMSE=0.085653 | LR=4.40e-04
Epoch 1078 | Loss(MSE)=0.007344 | MAE=0.035317 | RMSE=0.085696 | LR=4.39e-04
Epoch 1079 | Loss(MSE)=0.007337 | MAE=0.035156 | RMSE=0.085654 | LR=4.39e-04
Epoch 1080 | Loss(MSE)=0.007339 | MAE=0.035127 | RMSE=0.085665 | LR=4.38e-04
Epoch 1081 | Loss(MSE)=0.007342 | MAE=0.035111 | RMSE=0.085685 | LR=4.37e-04
Epoch 1082 | Loss(MSE)=0.007339 | MAE=0.035095 | RMSE=0.085666 | LR=4.36e-04
Epoch 1083 | Loss(MSE)=0.007335 | MAE=0.035107 | RMSE=0.085646 | LR=4.36e-04
Epoch 1084 | Loss(MSE)=0.007339 | MAE=0.035140 | RMSE=0.085667 | LR=4.35e-04
Epoch 1085 | Loss(MSE)=0.007334 | MAE=0.035217 | RMSE=0.085639 | LR=4.34e-04
Epoch 1086 | Loss(MSE)=0.007341 | MAE=0.035140 | RMSE=0.085678 | LR=4.33e-04
Epoch 1087 | Loss(MSE)=0.007345 | MAE=0.035327 | RMSE=0.085702 | LR=4.32e-04
Epoch 1088 | Loss(MSE)=0.007341 | MAE=0.035059 | RMSE=0.085677 | LR=4.32e-04
Epoch 1089 | Loss(MSE)=0.007340 | MAE=0.035049 | RMSE=0.085672 | LR=4.31e-04
Epoch 1090 | Loss(MSE)=0.007346 | MAE=0.035176 | RMSE=0.085708 | LR=4.30e-04
Epoch 1091 | Loss(MSE)=0.007344 | MAE=0.035227 | RMSE=0.085699 | LR=4.29e-04
Epoch 1092 | Loss(MSE)=0.007341 | MAE=0.035183 | RMSE=0.085680 | LR=4.29e-04
Epoch 1093 | Loss(MSE)=0.007347 | MAE=0.035057 | RMSE=0.085713 | LR=4.28e-04
Epoch 1094 | Loss(MSE)=0.007340 | MAE=0.035231 | RMSE=0.085674 | LR=4.27e-04
Epoch 1095 | Loss(MSE)=0.007337 | MAE=0.035220 | RMSE=0.085658 | LR=4.26e-04
Epoch 1096 | Loss(MSE)=0.007345 | MAE=0.035146 | RMSE=0.085700 | LR=4.25e-04
Epoch 1097 | Loss(MSE)=0.007330 | MAE=0.034974 | RMSE=0.085615 | LR=4.25e-04
Epoch 1098 | Loss(MSE)=0.007347 | MAE=0.035165 | RMSE=0.085717 | LR=4.24e-04
Epoch 1099 | Loss(MSE)=0.007342 | MAE=0.035230 | RMSE=0.085685 | LR=4.23e-04
Epoch 1100 | Loss(MSE)=0.007343 | MAE=0.035132 | RMSE=0.085692 | LR=4.22e-04
Epoch 1101 | Loss(MSE)=0.007340 | MAE=0.035076 | RMSE=0.085675 | LR=4.22e-04
Epoch 1102 | Loss(MSE)=0.007339 | MAE=0.035175 | RMSE=0.085669 | LR=4.21e-04
Epoch 1103 | Loss(MSE)=0.007336 | MAE=0.035086 | RMSE=0.085651 | LR=4.20e-04
Epoch 1104 | Loss(MSE)=0.007343 | MAE=0.035172 | RMSE=0.085689 | LR=4.19e-04
Epoch 1105 | Loss(MSE)=0.007337 | MAE=0.035163 | RMSE=0.085657 | LR=4.18e-04
Epoch 1106 | Loss(MSE)=0.007331 | MAE=0.035075 | RMSE=0.085623 | LR=4.18e-04
Epoch 1107 | Loss(MSE)=0.007338 | MAE=0.035137 | RMSE=0.085660 | LR=4.17e-04
Epoch 1108 | Loss(MSE)=0.007338 | MAE=0.035146 | RMSE=0.085660 | LR=4.16e-04
Epoch 1109 | Loss(MSE)=0.007335 | MAE=0.035062 | RMSE=0.085642 | LR=4.15e-04
Epoch 1110 | Loss(MSE)=0.007346 | MAE=0.035243 | RMSE=0.085706 | LR=4.15e-04
Epoch 1111 | Loss(MSE)=0.007344 | MAE=0.035273 | RMSE=0.085700 | LR=4.14e-04
Epoch 1112 | Loss(MSE)=0.007339 | MAE=0.035037 | RMSE=0.085668 | LR=4.13e-04
Epoch 1113 | Loss(MSE)=0.007343 | MAE=0.035132 | RMSE=0.085690 | LR=4.12e-04
Epoch 1114 | Loss(MSE)=0.007337 | MAE=0.035069 | RMSE=0.085657 | LR=4.12e-04
Epoch 1115 | Loss(MSE)=0.007342 | MAE=0.035241 | RMSE=0.085683 | LR=4.11e-04
Epoch 1116 | Loss(MSE)=0.007339 | MAE=0.035156 | RMSE=0.085670 | LR=4.10e-04
Epoch 1117 | Loss(MSE)=0.007342 | MAE=0.035201 | RMSE=0.085684 | LR=4.09e-04
Epoch 1118 | Loss(MSE)=0.007344 | MAE=0.035112 | RMSE=0.085696 | LR=4.08e-04
Epoch 1119 | Loss(MSE)=0.007334 | MAE=0.035199 | RMSE=0.085642 | LR=4.08e-04
Epoch 1120 | Loss(MSE)=0.007340 | MAE=0.035286 | RMSE=0.085675 | LR=4.07e-04
Epoch 1121 | Loss(MSE)=0.007327 | MAE=0.034963 | RMSE=0.085599 | LR=4.06e-04
Epoch 1122 | Loss(MSE)=0.007337 | MAE=0.035013 | RMSE=0.085655 | LR=4.05e-04
Epoch 1123 | Loss(MSE)=0.007336 | MAE=0.035184 | RMSE=0.085649 | LR=4.05e-04
Epoch 1124 | Loss(MSE)=0.007339 | MAE=0.035145 | RMSE=0.085668 | LR=4.04e-04
Epoch 1125 | Loss(MSE)=0.007342 | MAE=0.035185 | RMSE=0.085688 | LR=4.03e-04
Epoch 1126 | Loss(MSE)=0.007335 | MAE=0.035063 | RMSE=0.085642 | LR=4.02e-04
Epoch 1127 | Loss(MSE)=0.007329 | MAE=0.035232 | RMSE=0.085612 | LR=4.02e-04
Epoch 1128 | Loss(MSE)=0.007341 | MAE=0.035203 | RMSE=0.085681 | LR=4.01e-04
Epoch 1129 | Loss(MSE)=0.007339 | MAE=0.035059 | RMSE=0.085668 | LR=4.00e-04
Epoch 1130 | Loss(MSE)=0.007341 | MAE=0.035053 | RMSE=0.085677 | LR=3.99e-04
Epoch 1131 | Loss(MSE)=0.007334 | MAE=0.035192 | RMSE=0.085638 | LR=3.98e-04
Epoch 1132 | Loss(MSE)=0.007343 | MAE=0.035312 | RMSE=0.085691 | LR=3.98e-04
Epoch 1133 | Loss(MSE)=0.007332 | MAE=0.035265 | RMSE=0.085626 | LR=3.97e-04
Epoch 1134 | Loss(MSE)=0.007333 | MAE=0.035015 | RMSE=0.085636 | LR=3.96e-04
Epoch 1135 | Loss(MSE)=0.007339 | MAE=0.035092 | RMSE=0.085669 | LR=3.95e-04
Epoch 1136 | Loss(MSE)=0.007344 | MAE=0.035253 | RMSE=0.085698 | LR=3.95e-04
Epoch 1137 | Loss(MSE)=0.007343 | MAE=0.035162 | RMSE=0.085692 | LR=3.94e-04
Epoch 1138 | Loss(MSE)=0.007333 | MAE=0.035168 | RMSE=0.085631 | LR=3.93e-04
Epoch 1139 | Loss(MSE)=0.007335 | MAE=0.035068 | RMSE=0.085645 | LR=3.92e-04
Epoch 1140 | Loss(MSE)=0.007335 | MAE=0.035124 | RMSE=0.085644 | LR=3.92e-04
Epoch 1141 | Loss(MSE)=0.007336 | MAE=0.035127 | RMSE=0.085652 | LR=3.91e-04
Epoch 1142 | Loss(MSE)=0.007341 | MAE=0.035199 | RMSE=0.085680 | LR=3.90e-04
Epoch 1143 | Loss(MSE)=0.007345 | MAE=0.035295 | RMSE=0.085703 | LR=3.89e-04
Epoch 1144 | Loss(MSE)=0.007345 | MAE=0.035180 | RMSE=0.085702 | LR=3.88e-04
Epoch 1145 | Loss(MSE)=0.007336 | MAE=0.034973 | RMSE=0.085648 | LR=3.88e-04
Epoch 1146 | Loss(MSE)=0.007346 | MAE=0.035256 | RMSE=0.085707 | LR=3.87e-04
Epoch 1147 | Loss(MSE)=0.007343 | MAE=0.035023 | RMSE=0.085693 | LR=3.86e-04
Epoch 1148 | Loss(MSE)=0.007337 | MAE=0.035207 | RMSE=0.085658 | LR=3.85e-04
Epoch 1149 | Loss(MSE)=0.007332 | MAE=0.034991 | RMSE=0.085626 | LR=3.85e-04
Epoch 1150 | Loss(MSE)=0.007337 | MAE=0.035132 | RMSE=0.085659 | LR=3.84e-04
Epoch 1151 | Loss(MSE)=0.007336 | MAE=0.035148 | RMSE=0.085651 | LR=3.83e-04
Epoch 1152 | Loss(MSE)=0.007346 | MAE=0.035031 | RMSE=0.085706 | LR=3.82e-04
Epoch 1153 | Loss(MSE)=0.007341 | MAE=0.035072 | RMSE=0.085680 | LR=3.82e-04
Epoch 1154 | Loss(MSE)=0.007338 | MAE=0.035195 | RMSE=0.085661 | LR=3.81e-04
Epoch 1155 | Loss(MSE)=0.007338 | MAE=0.035142 | RMSE=0.085664 | LR=3.80e-04
Epoch 1156 | Loss(MSE)=0.007338 | MAE=0.035200 | RMSE=0.085664 | LR=3.79e-04
Epoch 1157 | Loss(MSE)=0.007341 | MAE=0.035244 | RMSE=0.085681 | LR=3.79e-04
Epoch 1158 | Loss(MSE)=0.007344 | MAE=0.035123 | RMSE=0.085696 | LR=3.78e-04
Epoch 1159 | Loss(MSE)=0.007333 | MAE=0.035093 | RMSE=0.085631 | LR=3.77e-04
Epoch 1160 | Loss(MSE)=0.007341 | MAE=0.035147 | RMSE=0.085678 | LR=3.76e-04
Epoch 1161 | Loss(MSE)=0.007337 | MAE=0.035218 | RMSE=0.085654 | LR=3.76e-04
Epoch 1162 | Loss(MSE)=0.007333 | MAE=0.035021 | RMSE=0.085631 | LR=3.75e-04
Epoch 1163 | Loss(MSE)=0.007337 | MAE=0.035112 | RMSE=0.085654 | LR=3.74e-04
Epoch 1164 | Loss(MSE)=0.007340 | MAE=0.035075 | RMSE=0.085673 | LR=3.73e-04
Epoch 1165 | Loss(MSE)=0.007338 | MAE=0.035210 | RMSE=0.085662 | LR=3.72e-04
Epoch 1166 | Loss(MSE)=0.007326 | MAE=0.035118 | RMSE=0.085595 | LR=3.72e-04
Epoch 1167 | Loss(MSE)=0.007347 | MAE=0.035243 | RMSE=0.085713 | LR=3.71e-04
Epoch 1168 | Loss(MSE)=0.007332 | MAE=0.035072 | RMSE=0.085628 | LR=3.70e-04
Epoch 1169 | Loss(MSE)=0.007331 | MAE=0.035067 | RMSE=0.085624 | LR=3.69e-04
Epoch 1170 | Loss(MSE)=0.007342 | MAE=0.035206 | RMSE=0.085687 | LR=3.69e-04
Epoch 1171 | Loss(MSE)=0.007337 | MAE=0.035045 | RMSE=0.085656 | LR=3.68e-04
Epoch 1172 | Loss(MSE)=0.007345 | MAE=0.035261 | RMSE=0.085705 | LR=3.67e-04
Epoch 1173 | Loss(MSE)=0.007333 | MAE=0.035069 | RMSE=0.085635 | LR=3.66e-04
Epoch 1174 | Loss(MSE)=0.007351 | MAE=0.035187 | RMSE=0.085736 | LR=3.66e-04
Epoch 1175 | Loss(MSE)=0.007333 | MAE=0.035166 | RMSE=0.085631 | LR=3.65e-04
Epoch 1176 | Loss(MSE)=0.007339 | MAE=0.035280 | RMSE=0.085666 | LR=3.64e-04
Epoch 1177 | Loss(MSE)=0.007338 | MAE=0.035080 | RMSE=0.085663 | LR=3.63e-04
Epoch 1178 | Loss(MSE)=0.007337 | MAE=0.035104 | RMSE=0.085655 | LR=3.63e-04
Epoch 1179 | Loss(MSE)=0.007331 | MAE=0.035208 | RMSE=0.085624 | LR=3.62e-04
Epoch 1180 | Loss(MSE)=0.007331 | MAE=0.035109 | RMSE=0.085623 | LR=3.61e-04
Epoch 1181 | Loss(MSE)=0.007330 | MAE=0.035115 | RMSE=0.085618 | LR=3.60e-04
Epoch 1182 | Loss(MSE)=0.007338 | MAE=0.035110 | RMSE=0.085664 | LR=3.60e-04
Epoch 1183 | Loss(MSE)=0.007340 | MAE=0.035195 | RMSE=0.085671 | LR=3.59e-04
Epoch 1184 | Loss(MSE)=0.007334 | MAE=0.035114 | RMSE=0.085641 | LR=3.58e-04
Epoch 1185 | Loss(MSE)=0.007337 | MAE=0.035119 | RMSE=0.085656 | LR=3.57e-04
Epoch 1186 | Loss(MSE)=0.007340 | MAE=0.035218 | RMSE=0.085675 | LR=3.57e-04
Epoch 1187 | Loss(MSE)=0.007335 | MAE=0.034939 | RMSE=0.085647 | LR=3.56e-04
Epoch 1188 | Loss(MSE)=0.007334 | MAE=0.035104 | RMSE=0.085636 | LR=3.55e-04
Epoch 1189 | Loss(MSE)=0.007343 | MAE=0.035209 | RMSE=0.085692 | LR=3.54e-04
Epoch 1190 | Loss(MSE)=0.007335 | MAE=0.035213 | RMSE=0.085642 | LR=3.54e-04
Epoch 1191 | Loss(MSE)=0.007339 | MAE=0.035005 | RMSE=0.085665 | LR=3.53e-04
Epoch 1192 | Loss(MSE)=0.007343 | MAE=0.035226 | RMSE=0.085694 | LR=3.52e-04
Epoch 1193 | Loss(MSE)=0.007335 | MAE=0.034943 | RMSE=0.085644 | LR=3.51e-04
Epoch 1194 | Loss(MSE)=0.007340 | MAE=0.035170 | RMSE=0.085677 | LR=3.51e-04
Epoch 1195 | Loss(MSE)=0.007339 | MAE=0.035017 | RMSE=0.085671 | LR=3.50e-04
Epoch 1196 | Loss(MSE)=0.007343 | MAE=0.035134 | RMSE=0.085691 | LR=3.49e-04
Epoch 1197 | Loss(MSE)=0.007347 | MAE=0.035284 | RMSE=0.085714 | LR=3.48e-04
Epoch 1198 | Loss(MSE)=0.007336 | MAE=0.035171 | RMSE=0.085653 | LR=3.48e-04
Epoch 1199 | Loss(MSE)=0.007334 | MAE=0.034956 | RMSE=0.085639 | LR=3.47e-04
Epoch 1200 | Loss(MSE)=0.007340 | MAE=0.035320 | RMSE=0.085676 | LR=3.46e-04
Epoch 1201 | Loss(MSE)=0.007336 | MAE=0.034919 | RMSE=0.085650 | LR=3.45e-04
Epoch 1202 | Loss(MSE)=0.007334 | MAE=0.035194 | RMSE=0.085636 | LR=3.45e-04
Epoch 1203 | Loss(MSE)=0.007332 | MAE=0.035389 | RMSE=0.085626 | LR=3.44e-04
Epoch 1204 | Loss(MSE)=0.007331 | MAE=0.034960 | RMSE=0.085621 | LR=3.43e-04
Epoch 1205 | Loss(MSE)=0.007334 | MAE=0.035206 | RMSE=0.085636 | LR=3.42e-04
Epoch 1206 | Loss(MSE)=0.007339 | MAE=0.034979 | RMSE=0.085670 | LR=3.42e-04
Epoch 1207 | Loss(MSE)=0.007338 | MAE=0.035255 | RMSE=0.085662 | LR=3.41e-04
Epoch 1208 | Loss(MSE)=0.007345 | MAE=0.035284 | RMSE=0.085702 | LR=3.40e-04
Epoch 1209 | Loss(MSE)=0.007338 | MAE=0.035056 | RMSE=0.085663 | LR=3.39e-04
Epoch 1210 | Loss(MSE)=0.007339 | MAE=0.035044 | RMSE=0.085670 | LR=3.39e-04
Epoch 1211 | Loss(MSE)=0.007335 | MAE=0.035114 | RMSE=0.085647 | LR=3.38e-04
Epoch 1212 | Loss(MSE)=0.007339 | MAE=0.035116 | RMSE=0.085666 | LR=3.37e-04
Epoch 1213 | Loss(MSE)=0.007332 | MAE=0.035140 | RMSE=0.085624 | LR=3.36e-04
Epoch 1214 | Loss(MSE)=0.007335 | MAE=0.035072 | RMSE=0.085643 | LR=3.36e-04
Epoch 1215 | Loss(MSE)=0.007336 | MAE=0.035151 | RMSE=0.085648 | LR=3.35e-04
Epoch 1216 | Loss(MSE)=0.007340 | MAE=0.035176 | RMSE=0.085672 | LR=3.34e-04
Epoch 1217 | Loss(MSE)=0.007340 | MAE=0.035054 | RMSE=0.085672 | LR=3.34e-04
Epoch 1218 | Loss(MSE)=0.007332 | MAE=0.035215 | RMSE=0.085629 | LR=3.33e-04
Epoch 1219 | Loss(MSE)=0.007335 | MAE=0.035167 | RMSE=0.085644 | LR=3.32e-04
Epoch 1220 | Loss(MSE)=0.007338 | MAE=0.034980 | RMSE=0.085662 | LR=3.31e-04
Epoch 1221 | Loss(MSE)=0.007335 | MAE=0.035223 | RMSE=0.085645 | LR=3.31e-04
Epoch 1222 | Loss(MSE)=0.007336 | MAE=0.035012 | RMSE=0.085651 | LR=3.30e-04
Epoch 1223 | Loss(MSE)=0.007331 | MAE=0.035246 | RMSE=0.085622 | LR=3.29e-04
Epoch 1224 | Loss(MSE)=0.007329 | MAE=0.035045 | RMSE=0.085612 | LR=3.28e-04
Epoch 1225 | Loss(MSE)=0.007326 | MAE=0.034938 | RMSE=0.085594 | LR=3.28e-04
Epoch 1226 | Loss(MSE)=0.007338 | MAE=0.035277 | RMSE=0.085663 | LR=3.27e-04
Epoch 1227 | Loss(MSE)=0.007332 | MAE=0.035098 | RMSE=0.085627 | LR=3.26e-04
Epoch 1228 | Loss(MSE)=0.007327 | MAE=0.035088 | RMSE=0.085598 | LR=3.25e-04
Epoch 1229 | Loss(MSE)=0.007331 | MAE=0.035049 | RMSE=0.085623 | LR=3.25e-04
Epoch 1230 | Loss(MSE)=0.007337 | MAE=0.035199 | RMSE=0.085655 | LR=3.24e-04
Epoch 1231 | Loss(MSE)=0.007336 | MAE=0.035174 | RMSE=0.085651 | LR=3.23e-04
Epoch 1232 | Loss(MSE)=0.007335 | MAE=0.035244 | RMSE=0.085647 | LR=3.22e-04
Epoch 1233 | Loss(MSE)=0.007345 | MAE=0.035028 | RMSE=0.085701 | LR=3.22e-04
Epoch 1234 | Loss(MSE)=0.007345 | MAE=0.035161 | RMSE=0.085703 | LR=3.21e-04
Epoch 1235 | Loss(MSE)=0.007328 | MAE=0.035078 | RMSE=0.085603 | LR=3.20e-04
Epoch 1236 | Loss(MSE)=0.007337 | MAE=0.035197 | RMSE=0.085656 | LR=3.20e-04
Epoch 1237 | Loss(MSE)=0.007339 | MAE=0.035009 | RMSE=0.085666 | LR=3.19e-04
Epoch 1238 | Loss(MSE)=0.007338 | MAE=0.035125 | RMSE=0.085660 | LR=3.18e-04
Epoch 1239 | Loss(MSE)=0.007337 | MAE=0.035106 | RMSE=0.085657 | LR=3.17e-04
Epoch 1240 | Loss(MSE)=0.007338 | MAE=0.035176 | RMSE=0.085663 | LR=3.17e-04
Epoch 1241 | Loss(MSE)=0.007340 | MAE=0.035074 | RMSE=0.085673 | LR=3.16e-04
Epoch 1242 | Loss(MSE)=0.007342 | MAE=0.035291 | RMSE=0.085687 | LR=3.15e-04
Epoch 1243 | Loss(MSE)=0.007338 | MAE=0.034961 | RMSE=0.085665 | LR=3.14e-04
Epoch 1244 | Loss(MSE)=0.007335 | MAE=0.035140 | RMSE=0.085642 | LR=3.14e-04
Epoch 1245 | Loss(MSE)=0.007343 | MAE=0.035122 | RMSE=0.085693 | LR=3.13e-04
Epoch 1246 | Loss(MSE)=0.007339 | MAE=0.035007 | RMSE=0.085665 | LR=3.12e-04
Epoch 1247 | Loss(MSE)=0.007339 | MAE=0.035276 | RMSE=0.085666 | LR=3.12e-04
Epoch 1248 | Loss(MSE)=0.007332 | MAE=0.035016 | RMSE=0.085627 | LR=3.11e-04
Epoch 1249 | Loss(MSE)=0.007334 | MAE=0.035037 | RMSE=0.085640 | LR=3.10e-04
Epoch 1250 | Loss(MSE)=0.007341 | MAE=0.035265 | RMSE=0.085680 | LR=3.09e-04
Epoch 1251 | Loss(MSE)=0.007335 | MAE=0.034906 | RMSE=0.085645 | LR=3.09e-04
Epoch 1252 | Loss(MSE)=0.007336 | MAE=0.035140 | RMSE=0.085648 | LR=3.08e-04
Epoch 1253 | Loss(MSE)=0.007337 | MAE=0.035363 | RMSE=0.085655 | LR=3.07e-04
Epoch 1254 | Loss(MSE)=0.007337 | MAE=0.035000 | RMSE=0.085658 | LR=3.06e-04
Epoch 1255 | Loss(MSE)=0.007335 | MAE=0.035290 | RMSE=0.085647 | LR=3.06e-04
Epoch 1256 | Loss(MSE)=0.007328 | MAE=0.035155 | RMSE=0.085606 | LR=3.05e-04
Epoch 1257 | Loss(MSE)=0.007340 | MAE=0.035088 | RMSE=0.085671 | LR=3.04e-04
Epoch 1258 | Loss(MSE)=0.007344 | MAE=0.035167 | RMSE=0.085698 | LR=3.04e-04
Epoch 1259 | Loss(MSE)=0.007339 | MAE=0.035125 | RMSE=0.085669 | LR=3.03e-04
Epoch 1260 | Loss(MSE)=0.007345 | MAE=0.035107 | RMSE=0.085704 | LR=3.02e-04
Epoch 1261 | Loss(MSE)=0.007339 | MAE=0.035145 | RMSE=0.085670 | LR=3.01e-04
Epoch 1262 | Loss(MSE)=0.007333 | MAE=0.035305 | RMSE=0.085631 | LR=3.01e-04
Epoch 1263 | Loss(MSE)=0.007334 | MAE=0.035056 | RMSE=0.085636 | LR=3.00e-04
Epoch 1264 | Loss(MSE)=0.007330 | MAE=0.035125 | RMSE=0.085618 | LR=2.99e-04
Epoch 1265 | Loss(MSE)=0.007333 | MAE=0.035099 | RMSE=0.085634 | LR=2.99e-04
Epoch 1266 | Loss(MSE)=0.007333 | MAE=0.035015 | RMSE=0.085635 | LR=2.98e-04
Epoch 1267 | Loss(MSE)=0.007333 | MAE=0.035333 | RMSE=0.085635 | LR=2.97e-04
Epoch 1268 | Loss(MSE)=0.007328 | MAE=0.035173 | RMSE=0.085604 | LR=2.96e-04
Epoch 1269 | Loss(MSE)=0.007331 | MAE=0.035056 | RMSE=0.085621 | LR=2.96e-04
Epoch 1270 | Loss(MSE)=0.007338 | MAE=0.035217 | RMSE=0.085662 | LR=2.95e-04
Epoch 1271 | Loss(MSE)=0.007328 | MAE=0.035064 | RMSE=0.085604 | LR=2.94e-04
Epoch 1272 | Loss(MSE)=0.007332 | MAE=0.035112 | RMSE=0.085629 | LR=2.94e-04
Epoch 1273 | Loss(MSE)=0.007337 | MAE=0.035066 | RMSE=0.085655 | LR=2.93e-04
Epoch 1274 | Loss(MSE)=0.007337 | MAE=0.035242 | RMSE=0.085655 | LR=2.92e-04
Epoch 1275 | Loss(MSE)=0.007331 | MAE=0.035100 | RMSE=0.085620 | LR=2.91e-04
Epoch 1276 | Loss(MSE)=0.007334 | MAE=0.035198 | RMSE=0.085640 | LR=2.91e-04
Epoch 1277 | Loss(MSE)=0.007334 | MAE=0.035059 | RMSE=0.085638 | LR=2.90e-04
Epoch 1278 | Loss(MSE)=0.007332 | MAE=0.035065 | RMSE=0.085629 | LR=2.89e-04
Epoch 1279 | Loss(MSE)=0.007335 | MAE=0.035120 | RMSE=0.085647 | LR=2.89e-04
Epoch 1280 | Loss(MSE)=0.007344 | MAE=0.035097 | RMSE=0.085697 | LR=2.88e-04
Epoch 1281 | Loss(MSE)=0.007333 | MAE=0.035229 | RMSE=0.085634 | LR=2.87e-04
Epoch 1282 | Loss(MSE)=0.007326 | MAE=0.035003 | RMSE=0.085594 | LR=2.86e-04
Epoch 1283 | Loss(MSE)=0.007328 | MAE=0.035043 | RMSE=0.085602 | LR=2.86e-04
Epoch 1284 | Loss(MSE)=0.007331 | MAE=0.035136 | RMSE=0.085624 | LR=2.85e-04
Epoch 1285 | Loss(MSE)=0.007332 | MAE=0.035331 | RMSE=0.085630 | LR=2.84e-04
Epoch 1286 | Loss(MSE)=0.007339 | MAE=0.034951 | RMSE=0.085669 | LR=2.84e-04
Epoch 1287 | Loss(MSE)=0.007343 | MAE=0.035243 | RMSE=0.085693 | LR=2.83e-04
Epoch 1288 | Loss(MSE)=0.007341 | MAE=0.035157 | RMSE=0.085681 | LR=2.82e-04
Epoch 1289 | Loss(MSE)=0.007333 | MAE=0.034927 | RMSE=0.085635 | LR=2.81e-04
Epoch 1290 | Loss(MSE)=0.007332 | MAE=0.035105 | RMSE=0.085626 | LR=2.81e-04
Epoch 1291 | Loss(MSE)=0.007329 | MAE=0.035210 | RMSE=0.085609 | LR=2.80e-04
Epoch 1292 | Loss(MSE)=0.007341 | MAE=0.035104 | RMSE=0.085680 | LR=2.79e-04
Epoch 1293 | Loss(MSE)=0.007333 | MAE=0.035113 | RMSE=0.085632 | LR=2.79e-04
Epoch 1294 | Loss(MSE)=0.007317 | MAE=0.034958 | RMSE=0.085537 | LR=2.78e-04
Epoch 1295 | Loss(MSE)=0.007335 | MAE=0.035290 | RMSE=0.085643 | LR=2.77e-04
Epoch 1296 | Loss(MSE)=0.007329 | MAE=0.035052 | RMSE=0.085607 | LR=2.77e-04
Epoch 1297 | Loss(MSE)=0.007332 | MAE=0.035126 | RMSE=0.085629 | LR=2.76e-04
Epoch 1298 | Loss(MSE)=0.007334 | MAE=0.035002 | RMSE=0.085638 | LR=2.75e-04
Epoch 1299 | Loss(MSE)=0.007328 | MAE=0.035034 | RMSE=0.085601 | LR=2.74e-04
Epoch 1300 | Loss(MSE)=0.007331 | MAE=0.035087 | RMSE=0.085622 | LR=2.74e-04
Epoch 1301 | Loss(MSE)=0.007338 | MAE=0.035234 | RMSE=0.085663 | LR=2.73e-04
Epoch 1302 | Loss(MSE)=0.007335 | MAE=0.035148 | RMSE=0.085645 | LR=2.72e-04
Epoch 1303 | Loss(MSE)=0.007336 | MAE=0.035082 | RMSE=0.085653 | LR=2.72e-04
Epoch 1304 | Loss(MSE)=0.007329 | MAE=0.035031 | RMSE=0.085610 | LR=2.71e-04
Epoch 1305 | Loss(MSE)=0.007337 | MAE=0.035045 | RMSE=0.085657 | LR=2.70e-04
Epoch 1306 | Loss(MSE)=0.007342 | MAE=0.035254 | RMSE=0.085687 | LR=2.70e-04
Epoch 1307 | Loss(MSE)=0.007339 | MAE=0.035122 | RMSE=0.085668 | LR=2.69e-04
Epoch 1308 | Loss(MSE)=0.007341 | MAE=0.035161 | RMSE=0.085678 | LR=2.68e-04
Epoch 1309 | Loss(MSE)=0.007333 | MAE=0.035075 | RMSE=0.085632 | LR=2.67e-04
Epoch 1310 | Loss(MSE)=0.007339 | MAE=0.035093 | RMSE=0.085668 | LR=2.67e-04
Epoch 1311 | Loss(MSE)=0.007331 | MAE=0.035167 | RMSE=0.085622 | LR=2.66e-04
Epoch 1312 | Loss(MSE)=0.007336 | MAE=0.034857 | RMSE=0.085651 | LR=2.65e-04
Epoch 1313 | Loss(MSE)=0.007334 | MAE=0.035074 | RMSE=0.085641 | LR=2.65e-04
Epoch 1314 | Loss(MSE)=0.007337 | MAE=0.035132 | RMSE=0.085656 | LR=2.64e-04
Epoch 1315 | Loss(MSE)=0.007330 | MAE=0.035147 | RMSE=0.085616 | LR=2.63e-04
Epoch 1316 | Loss(MSE)=0.007331 | MAE=0.035120 | RMSE=0.085621 | LR=2.63e-04
Epoch 1317 | Loss(MSE)=0.007328 | MAE=0.035127 | RMSE=0.085605 | LR=2.62e-04
Epoch 1318 | Loss(MSE)=0.007333 | MAE=0.035106 | RMSE=0.085631 | LR=2.61e-04
Epoch 1319 | Loss(MSE)=0.007331 | MAE=0.035028 | RMSE=0.085621 | LR=2.61e-04
Epoch 1320 | Loss(MSE)=0.007343 | MAE=0.035153 | RMSE=0.085690 | LR=2.60e-04
Epoch 1321 | Loss(MSE)=0.007333 | MAE=0.035044 | RMSE=0.085634 | LR=2.59e-04
Epoch 1322 | Loss(MSE)=0.007332 | MAE=0.035256 | RMSE=0.085629 | LR=2.58e-04
Epoch 1323 | Loss(MSE)=0.007332 | MAE=0.034964 | RMSE=0.085629 | LR=2.58e-04
Epoch 1324 | Loss(MSE)=0.007338 | MAE=0.035397 | RMSE=0.085662 | LR=2.57e-04
Epoch 1325 | Loss(MSE)=0.007334 | MAE=0.035168 | RMSE=0.085638 | LR=2.56e-04
Epoch 1326 | Loss(MSE)=0.007334 | MAE=0.035125 | RMSE=0.085641 | LR=2.56e-04
Epoch 1327 | Loss(MSE)=0.007331 | MAE=0.035137 | RMSE=0.085622 | LR=2.55e-04
Epoch 1328 | Loss(MSE)=0.007324 | MAE=0.035237 | RMSE=0.085580 | LR=2.54e-04
Epoch 1329 | Loss(MSE)=0.007339 | MAE=0.035007 | RMSE=0.085671 | LR=2.54e-04
Epoch 1330 | Loss(MSE)=0.007336 | MAE=0.035104 | RMSE=0.085652 | LR=2.53e-04
Epoch 1331 | Loss(MSE)=0.007332 | MAE=0.035109 | RMSE=0.085626 | LR=2.52e-04
Epoch 1332 | Loss(MSE)=0.007334 | MAE=0.035003 | RMSE=0.085640 | LR=2.52e-04
Epoch 1333 | Loss(MSE)=0.007334 | MAE=0.035003 | RMSE=0.085638 | LR=2.51e-04
Epoch 1334 | Loss(MSE)=0.007340 | MAE=0.035233 | RMSE=0.085672 | LR=2.50e-04
Epoch 1335 | Loss(MSE)=0.007332 | MAE=0.035023 | RMSE=0.085627 | LR=2.50e-04
Epoch 1336 | Loss(MSE)=0.007329 | MAE=0.035067 | RMSE=0.085608 | LR=2.49e-04
Epoch 1337 | Loss(MSE)=0.007323 | MAE=0.035192 | RMSE=0.085573 | LR=2.48e-04
Epoch 1338 | Loss(MSE)=0.007330 | MAE=0.035198 | RMSE=0.085617 | LR=2.48e-04
Epoch 1339 | Loss(MSE)=0.007329 | MAE=0.035095 | RMSE=0.085612 | LR=2.47e-04
Epoch 1340 | Loss(MSE)=0.007334 | MAE=0.035190 | RMSE=0.085638 | LR=2.46e-04
Epoch 1341 | Loss(MSE)=0.007335 | MAE=0.035078 | RMSE=0.085646 | LR=2.46e-04
Epoch 1342 | Loss(MSE)=0.007336 | MAE=0.035141 | RMSE=0.085648 | LR=2.45e-04
Epoch 1343 | Loss(MSE)=0.007345 | MAE=0.035124 | RMSE=0.085702 | LR=2.44e-04
Epoch 1344 | Loss(MSE)=0.007329 | MAE=0.034998 | RMSE=0.085612 | LR=2.44e-04
Epoch 1345 | Loss(MSE)=0.007339 | MAE=0.035156 | RMSE=0.085666 | LR=2.43e-04
Epoch 1346 | Loss(MSE)=0.007336 | MAE=0.035165 | RMSE=0.085648 | LR=2.42e-04
Epoch 1347 | Loss(MSE)=0.007334 | MAE=0.035090 | RMSE=0.085640 | LR=2.42e-04
Epoch 1348 | Loss(MSE)=0.007340 | MAE=0.035075 | RMSE=0.085674 | LR=2.41e-04
Epoch 1349 | Loss(MSE)=0.007335 | MAE=0.034982 | RMSE=0.085647 | LR=2.40e-04
Epoch 1350 | Loss(MSE)=0.007334 | MAE=0.035134 | RMSE=0.085641 | LR=2.40e-04
Epoch 1351 | Loss(MSE)=0.007344 | MAE=0.035100 | RMSE=0.085700 | LR=2.39e-04
Epoch 1352 | Loss(MSE)=0.007335 | MAE=0.035161 | RMSE=0.085644 | LR=2.38e-04
Epoch 1353 | Loss(MSE)=0.007326 | MAE=0.035067 | RMSE=0.085593 | LR=2.38e-04
Epoch 1354 | Loss(MSE)=0.007329 | MAE=0.034966 | RMSE=0.085608 | LR=2.37e-04
Epoch 1355 | Loss(MSE)=0.007336 | MAE=0.035034 | RMSE=0.085653 | LR=2.36e-04
Epoch 1356 | Loss(MSE)=0.007345 | MAE=0.035397 | RMSE=0.085704 | LR=2.36e-04
Epoch 1357 | Loss(MSE)=0.007340 | MAE=0.035192 | RMSE=0.085673 | LR=2.35e-04
Epoch 1358 | Loss(MSE)=0.007325 | MAE=0.035224 | RMSE=0.085585 | LR=2.34e-04
Epoch 1359 | Loss(MSE)=0.007335 | MAE=0.035042 | RMSE=0.085643 | LR=2.34e-04
Epoch 1360 | Loss(MSE)=0.007332 | MAE=0.035234 | RMSE=0.085625 | LR=2.33e-04
Epoch 1361 | Loss(MSE)=0.007328 | MAE=0.034911 | RMSE=0.085604 | LR=2.32e-04
Epoch 1362 | Loss(MSE)=0.007329 | MAE=0.035165 | RMSE=0.085608 | LR=2.32e-04
Epoch 1363 | Loss(MSE)=0.007324 | MAE=0.035046 | RMSE=0.085581 | LR=2.31e-04
Epoch 1364 | Loss(MSE)=0.007336 | MAE=0.035207 | RMSE=0.085651 | LR=2.30e-04
Epoch 1365 | Loss(MSE)=0.007337 | MAE=0.035155 | RMSE=0.085658 | LR=2.30e-04
Epoch 1366 | Loss(MSE)=0.007327 | MAE=0.035152 | RMSE=0.085595 | LR=2.29e-04
Epoch 1367 | Loss(MSE)=0.007335 | MAE=0.035269 | RMSE=0.085643 | LR=2.28e-04
Epoch 1368 | Loss(MSE)=0.007339 | MAE=0.034919 | RMSE=0.085667 | LR=2.28e-04
Epoch 1369 | Loss(MSE)=0.007340 | MAE=0.035238 | RMSE=0.085671 | LR=2.27e-04
Epoch 1370 | Loss(MSE)=0.007327 | MAE=0.035099 | RMSE=0.085596 | LR=2.26e-04
Epoch 1371 | Loss(MSE)=0.007330 | MAE=0.035087 | RMSE=0.085617 | LR=2.26e-04
Epoch 1372 | Loss(MSE)=0.007329 | MAE=0.035033 | RMSE=0.085611 | LR=2.25e-04
Epoch 1373 | Loss(MSE)=0.007331 | MAE=0.035128 | RMSE=0.085624 | LR=2.24e-04
Epoch 1374 | Loss(MSE)=0.007331 | MAE=0.035048 | RMSE=0.085623 | LR=2.24e-04
Epoch 1375 | Loss(MSE)=0.007332 | MAE=0.035128 | RMSE=0.085625 | LR=2.23e-04
Epoch 1376 | Loss(MSE)=0.007337 | MAE=0.035172 | RMSE=0.085654 | LR=2.22e-04
Epoch 1377 | Loss(MSE)=0.007338 | MAE=0.035105 | RMSE=0.085660 | LR=2.22e-04
Epoch 1378 | Loss(MSE)=0.007330 | MAE=0.035024 | RMSE=0.085615 | LR=2.21e-04
Epoch 1379 | Loss(MSE)=0.007332 | MAE=0.035011 | RMSE=0.085626 | LR=2.20e-04
Epoch 1380 | Loss(MSE)=0.007330 | MAE=0.035258 | RMSE=0.085615 | LR=2.20e-04
Epoch 1381 | Loss(MSE)=0.007330 | MAE=0.035052 | RMSE=0.085614 | LR=2.19e-04
Epoch 1382 | Loss(MSE)=0.007334 | MAE=0.035145 | RMSE=0.085637 | LR=2.18e-04
Epoch 1383 | Loss(MSE)=0.007332 | MAE=0.035025 | RMSE=0.085629 | LR=2.18e-04
Epoch 1384 | Loss(MSE)=0.007324 | MAE=0.035037 | RMSE=0.085583 | LR=2.17e-04
Epoch 1385 | Loss(MSE)=0.007346 | MAE=0.035079 | RMSE=0.085707 | LR=2.17e-04
Epoch 1386 | Loss(MSE)=0.007340 | MAE=0.035173 | RMSE=0.085674 | LR=2.16e-04
Epoch 1387 | Loss(MSE)=0.007339 | MAE=0.034937 | RMSE=0.085670 | LR=2.15e-04
Epoch 1388 | Loss(MSE)=0.007329 | MAE=0.035392 | RMSE=0.085607 | LR=2.15e-04
Epoch 1389 | Loss(MSE)=0.007338 | MAE=0.035272 | RMSE=0.085661 | LR=2.14e-04
Epoch 1390 | Loss(MSE)=0.007335 | MAE=0.035097 | RMSE=0.085646 | LR=2.13e-04
Epoch 1391 | Loss(MSE)=0.007328 | MAE=0.034929 | RMSE=0.085605 | LR=2.13e-04
Epoch 1392 | Loss(MSE)=0.007331 | MAE=0.035336 | RMSE=0.085620 | LR=2.12e-04
Epoch 1393 | Loss(MSE)=0.007329 | MAE=0.034990 | RMSE=0.085608 | LR=2.11e-04
Epoch 1394 | Loss(MSE)=0.007325 | MAE=0.035252 | RMSE=0.085583 | LR=2.11e-04
Epoch 1395 | Loss(MSE)=0.007339 | MAE=0.035107 | RMSE=0.085665 | LR=2.10e-04
Epoch 1396 | Loss(MSE)=0.007337 | MAE=0.035025 | RMSE=0.085655 | LR=2.09e-04
Epoch 1397 | Loss(MSE)=0.007329 | MAE=0.035103 | RMSE=0.085611 | LR=2.09e-04
Epoch 1398 | Loss(MSE)=0.007339 | MAE=0.035067 | RMSE=0.085665 | LR=2.08e-04
Epoch 1399 | Loss(MSE)=0.007334 | MAE=0.035109 | RMSE=0.085637 | LR=2.08e-04
Epoch 1400 | Loss(MSE)=0.007329 | MAE=0.035185 | RMSE=0.085612 | LR=2.07e-04
Epoch 1401 | Loss(MSE)=0.007321 | MAE=0.034970 | RMSE=0.085564 | LR=2.06e-04
Epoch 1402 | Loss(MSE)=0.007327 | MAE=0.034972 | RMSE=0.085599 | LR=2.06e-04
Epoch 1403 | Loss(MSE)=0.007342 | MAE=0.035265 | RMSE=0.085688 | LR=2.05e-04
Epoch 1404 | Loss(MSE)=0.007337 | MAE=0.035227 | RMSE=0.085658 | LR=2.04e-04
Epoch 1405 | Loss(MSE)=0.007339 | MAE=0.035029 | RMSE=0.085669 | LR=2.04e-04
Epoch 1406 | Loss(MSE)=0.007332 | MAE=0.035002 | RMSE=0.085626 | LR=2.03e-04
Epoch 1407 | Loss(MSE)=0.007332 | MAE=0.035175 | RMSE=0.085625 | LR=2.02e-04
Epoch 1408 | Loss(MSE)=0.007337 | MAE=0.035272 | RMSE=0.085654 | LR=2.02e-04
Epoch 1409 | Loss(MSE)=0.007338 | MAE=0.035100 | RMSE=0.085660 | LR=2.01e-04
Epoch 1410 | Loss(MSE)=0.007336 | MAE=0.034900 | RMSE=0.085648 | LR=2.01e-04
Epoch 1411 | Loss(MSE)=0.007336 | MAE=0.035093 | RMSE=0.085651 | LR=2.00e-04
Epoch 1412 | Loss(MSE)=0.007328 | MAE=0.035033 | RMSE=0.085602 | LR=1.99e-04
Epoch 1413 | Loss(MSE)=0.007335 | MAE=0.035263 | RMSE=0.085646 | LR=1.99e-04
Epoch 1414 | Loss(MSE)=0.007337 | MAE=0.035008 | RMSE=0.085657 | LR=1.98e-04
Epoch 1415 | Loss(MSE)=0.007335 | MAE=0.035312 | RMSE=0.085646 | LR=1.97e-04
Epoch 1416 | Loss(MSE)=0.007337 | MAE=0.035104 | RMSE=0.085654 | LR=1.97e-04
Epoch 1417 | Loss(MSE)=0.007332 | MAE=0.035019 | RMSE=0.085628 | LR=1.96e-04
Epoch 1418 | Loss(MSE)=0.007340 | MAE=0.035051 | RMSE=0.085675 | LR=1.96e-04
Epoch 1419 | Loss(MSE)=0.007335 | MAE=0.035104 | RMSE=0.085644 | LR=1.95e-04
Epoch 1420 | Loss(MSE)=0.007332 | MAE=0.035181 | RMSE=0.085624 | LR=1.94e-04
Epoch 1421 | Loss(MSE)=0.007334 | MAE=0.035016 | RMSE=0.085640 | LR=1.94e-04
Epoch 1422 | Loss(MSE)=0.007332 | MAE=0.034984 | RMSE=0.085629 | LR=1.93e-04
Epoch 1423 | Loss(MSE)=0.007335 | MAE=0.035162 | RMSE=0.085645 | LR=1.92e-04
Epoch 1424 | Loss(MSE)=0.007327 | MAE=0.035100 | RMSE=0.085595 | LR=1.92e-04
Epoch 1425 | Loss(MSE)=0.007327 | MAE=0.034935 | RMSE=0.085596 | LR=1.91e-04
Epoch 1426 | Loss(MSE)=0.007333 | MAE=0.035169 | RMSE=0.085632 | LR=1.91e-04
Epoch 1427 | Loss(MSE)=0.007332 | MAE=0.035082 | RMSE=0.085629 | LR=1.90e-04
Epoch 1428 | Loss(MSE)=0.007331 | MAE=0.034912 | RMSE=0.085618 | LR=1.89e-04
Epoch 1429 | Loss(MSE)=0.007326 | MAE=0.035140 | RMSE=0.085592 | LR=1.89e-04
Epoch 1430 | Loss(MSE)=0.007331 | MAE=0.035104 | RMSE=0.085622 | LR=1.88e-04
Epoch 1431 | Loss(MSE)=0.007330 | MAE=0.035198 | RMSE=0.085616 | LR=1.88e-04
Epoch 1432 | Loss(MSE)=0.007341 | MAE=0.035115 | RMSE=0.085678 | LR=1.87e-04
Epoch 1433 | Loss(MSE)=0.007332 | MAE=0.035113 | RMSE=0.085626 | LR=1.86e-04
Epoch 1434 | Loss(MSE)=0.007337 | MAE=0.035224 | RMSE=0.085654 | LR=1.86e-04
Epoch 1435 | Loss(MSE)=0.007326 | MAE=0.035131 | RMSE=0.085593 | LR=1.85e-04
Epoch 1436 | Loss(MSE)=0.007336 | MAE=0.035191 | RMSE=0.085649 | LR=1.85e-04
Epoch 1437 | Loss(MSE)=0.007334 | MAE=0.034975 | RMSE=0.085639 | LR=1.84e-04
Epoch 1438 | Loss(MSE)=0.007329 | MAE=0.035197 | RMSE=0.085610 | LR=1.83e-04
Epoch 1439 | Loss(MSE)=0.007339 | MAE=0.035011 | RMSE=0.085669 | LR=1.83e-04
Epoch 1440 | Loss(MSE)=0.007325 | MAE=0.035015 | RMSE=0.085588 | LR=1.82e-04
Epoch 1441 | Loss(MSE)=0.007332 | MAE=0.035214 | RMSE=0.085625 | LR=1.82e-04
Epoch 1442 | Loss(MSE)=0.007327 | MAE=0.035043 | RMSE=0.085600 | LR=1.81e-04
Epoch 1443 | Loss(MSE)=0.007326 | MAE=0.035218 | RMSE=0.085590 | LR=1.80e-04
Epoch 1444 | Loss(MSE)=0.007334 | MAE=0.035004 | RMSE=0.085639 | LR=1.80e-04
Epoch 1445 | Loss(MSE)=0.007330 | MAE=0.035113 | RMSE=0.085614 | LR=1.79e-04
Epoch 1446 | Loss(MSE)=0.007333 | MAE=0.035105 | RMSE=0.085633 | LR=1.78e-04
Epoch 1447 | Loss(MSE)=0.007330 | MAE=0.034980 | RMSE=0.085618 | LR=1.78e-04
Epoch 1448 | Loss(MSE)=0.007333 | MAE=0.035235 | RMSE=0.085636 | LR=1.77e-04
Epoch 1449 | Loss(MSE)=0.007334 | MAE=0.034967 | RMSE=0.085638 | LR=1.77e-04
Epoch 1450 | Loss(MSE)=0.007328 | MAE=0.035139 | RMSE=0.085603 | LR=1.76e-04
Epoch 1451 | Loss(MSE)=0.007332 | MAE=0.035112 | RMSE=0.085627 | LR=1.76e-04
Epoch 1452 | Loss(MSE)=0.007330 | MAE=0.035090 | RMSE=0.085613 | LR=1.75e-04
Epoch 1453 | Loss(MSE)=0.007326 | MAE=0.035001 | RMSE=0.085591 | LR=1.74e-04
Epoch 1454 | Loss(MSE)=0.007332 | MAE=0.035072 | RMSE=0.085625 | LR=1.74e-04
Epoch 1455 | Loss(MSE)=0.007328 | MAE=0.035221 | RMSE=0.085604 | LR=1.73e-04
Epoch 1456 | Loss(MSE)=0.007340 | MAE=0.035170 | RMSE=0.085673 | LR=1.73e-04
Epoch 1457 | Loss(MSE)=0.007331 | MAE=0.035039 | RMSE=0.085619 | LR=1.72e-04
Epoch 1458 | Loss(MSE)=0.007328 | MAE=0.035032 | RMSE=0.085604 | LR=1.71e-04
Epoch 1459 | Loss(MSE)=0.007333 | MAE=0.035204 | RMSE=0.085635 | LR=1.71e-04
Epoch 1460 | Loss(MSE)=0.007330 | MAE=0.034915 | RMSE=0.085618 | LR=1.70e-04
Epoch 1461 | Loss(MSE)=0.007330 | MAE=0.035067 | RMSE=0.085614 | LR=1.70e-04
Epoch 1462 | Loss(MSE)=0.007334 | MAE=0.035102 | RMSE=0.085639 | LR=1.69e-04
Epoch 1463 | Loss(MSE)=0.007335 | MAE=0.035098 | RMSE=0.085646 | LR=1.68e-04
Epoch 1464 | Loss(MSE)=0.007322 | MAE=0.035075 | RMSE=0.085571 | LR=1.68e-04
Epoch 1465 | Loss(MSE)=0.007339 | MAE=0.035172 | RMSE=0.085666 | LR=1.67e-04
Epoch 1466 | Loss(MSE)=0.007332 | MAE=0.035098 | RMSE=0.085626 | LR=1.67e-04
Epoch 1467 | Loss(MSE)=0.007329 | MAE=0.035129 | RMSE=0.085610 | LR=1.66e-04
Epoch 1468 | Loss(MSE)=0.007335 | MAE=0.034923 | RMSE=0.085642 | LR=1.65e-04
Epoch 1469 | Loss(MSE)=0.007324 | MAE=0.035086 | RMSE=0.085582 | LR=1.65e-04
Epoch 1470 | Loss(MSE)=0.007332 | MAE=0.035157 | RMSE=0.085627 | LR=1.64e-04
Epoch 1471 | Loss(MSE)=0.007331 | MAE=0.035074 | RMSE=0.085619 | LR=1.64e-04
Epoch 1472 | Loss(MSE)=0.007339 | MAE=0.035125 | RMSE=0.085669 | LR=1.63e-04
Epoch 1473 | Loss(MSE)=0.007327 | MAE=0.035161 | RMSE=0.085599 | LR=1.63e-04
Epoch 1474 | Loss(MSE)=0.007326 | MAE=0.034996 | RMSE=0.085590 | LR=1.62e-04
Epoch 1475 | Loss(MSE)=0.007330 | MAE=0.035320 | RMSE=0.085614 | LR=1.61e-04
Epoch 1476 | Loss(MSE)=0.007330 | MAE=0.035009 | RMSE=0.085614 | LR=1.61e-04
Epoch 1477 | Loss(MSE)=0.007329 | MAE=0.035111 | RMSE=0.085609 | LR=1.60e-04
Epoch 1478 | Loss(MSE)=0.007334 | MAE=0.035137 | RMSE=0.085638 | LR=1.60e-04
Epoch 1479 | Loss(MSE)=0.007321 | MAE=0.035055 | RMSE=0.085564 | LR=1.59e-04
Epoch 1480 | Loss(MSE)=0.007325 | MAE=0.035143 | RMSE=0.085584 | LR=1.59e-04
Epoch 1481 | Loss(MSE)=0.007329 | MAE=0.035091 | RMSE=0.085608 | LR=1.58e-04
Epoch 1482 | Loss(MSE)=0.007325 | MAE=0.034896 | RMSE=0.085589 | LR=1.57e-04
Epoch 1483 | Loss(MSE)=0.007325 | MAE=0.035162 | RMSE=0.085587 | LR=1.57e-04
Epoch 1484 | Loss(MSE)=0.007331 | MAE=0.035151 | RMSE=0.085623 | LR=1.56e-04
Epoch 1485 | Loss(MSE)=0.007324 | MAE=0.035134 | RMSE=0.085583 | LR=1.56e-04
Epoch 1486 | Loss(MSE)=0.007323 | MAE=0.034937 | RMSE=0.085572 | LR=1.55e-04
Epoch 1487 | Loss(MSE)=0.007328 | MAE=0.035230 | RMSE=0.085604 | LR=1.55e-04
Epoch 1488 | Loss(MSE)=0.007331 | MAE=0.034977 | RMSE=0.085624 | LR=1.54e-04
Epoch 1489 | Loss(MSE)=0.007328 | MAE=0.035014 | RMSE=0.085604 | LR=1.53e-04
Epoch 1490 | Loss(MSE)=0.007323 | MAE=0.035035 | RMSE=0.085576 | LR=1.53e-04
Epoch 1491 | Loss(MSE)=0.007333 | MAE=0.035197 | RMSE=0.085632 | LR=1.52e-04
Epoch 1492 | Loss(MSE)=0.007328 | MAE=0.035117 | RMSE=0.085606 | LR=1.52e-04
Epoch 1493 | Loss(MSE)=0.007325 | MAE=0.035118 | RMSE=0.085589 | LR=1.51e-04
Epoch 1494 | Loss(MSE)=0.007327 | MAE=0.035047 | RMSE=0.085597 | LR=1.51e-04
Epoch 1495 | Loss(MSE)=0.007324 | MAE=0.034960 | RMSE=0.085580 | LR=1.50e-04
Epoch 1496 | Loss(MSE)=0.007338 | MAE=0.035125 | RMSE=0.085663 | LR=1.50e-04
Epoch 1497 | Loss(MSE)=0.007333 | MAE=0.035012 | RMSE=0.085634 | LR=1.49e-04
Epoch 1498 | Loss(MSE)=0.007331 | MAE=0.035180 | RMSE=0.085624 | LR=1.48e-04
Epoch 1499 | Loss(MSE)=0.007330 | MAE=0.035221 | RMSE=0.085615 | LR=1.48e-04
Epoch 1500 | Loss(MSE)=0.007324 | MAE=0.035051 | RMSE=0.085583 | LR=1.47e-04
Epoch 1501 | Loss(MSE)=0.007335 | MAE=0.035214 | RMSE=0.085644 | LR=1.47e-04
Epoch 1502 | Loss(MSE)=0.007331 | MAE=0.035031 | RMSE=0.085624 | LR=1.46e-04
Epoch 1503 | Loss(MSE)=0.007333 | MAE=0.035155 | RMSE=0.085633 | LR=1.46e-04
Epoch 1504 | Loss(MSE)=0.007325 | MAE=0.035127 | RMSE=0.085588 | LR=1.45e-04
Epoch 1505 | Loss(MSE)=0.007326 | MAE=0.034870 | RMSE=0.085593 | LR=1.45e-04
Epoch 1506 | Loss(MSE)=0.007328 | MAE=0.035183 | RMSE=0.085606 | LR=1.44e-04
Epoch 1507 | Loss(MSE)=0.007328 | MAE=0.035009 | RMSE=0.085606 | LR=1.43e-04
Epoch 1508 | Loss(MSE)=0.007334 | MAE=0.035102 | RMSE=0.085637 | LR=1.43e-04
Epoch 1509 | Loss(MSE)=0.007334 | MAE=0.034960 | RMSE=0.085639 | LR=1.42e-04
Epoch 1510 | Loss(MSE)=0.007329 | MAE=0.035199 | RMSE=0.085609 | LR=1.42e-04
Epoch 1511 | Loss(MSE)=0.007328 | MAE=0.035045 | RMSE=0.085606 | LR=1.41e-04
Epoch 1512 | Loss(MSE)=0.007328 | MAE=0.035106 | RMSE=0.085606 | LR=1.41e-04
Epoch 1513 | Loss(MSE)=0.007320 | MAE=0.034942 | RMSE=0.085554 | LR=1.40e-04
Epoch 1514 | Loss(MSE)=0.007333 | MAE=0.035199 | RMSE=0.085633 | LR=1.40e-04
Epoch 1515 | Loss(MSE)=0.007327 | MAE=0.035064 | RMSE=0.085596 | LR=1.39e-04
Epoch 1516 | Loss(MSE)=0.007327 | MAE=0.035086 | RMSE=0.085600 | LR=1.39e-04
Epoch 1517 | Loss(MSE)=0.007324 | MAE=0.034974 | RMSE=0.085583 | LR=1.38e-04
Epoch 1518 | Loss(MSE)=0.007326 | MAE=0.035219 | RMSE=0.085595 | LR=1.37e-04
Epoch 1519 | Loss(MSE)=0.007332 | MAE=0.035053 | RMSE=0.085626 | LR=1.37e-04
Epoch 1520 | Loss(MSE)=0.007331 | MAE=0.035136 | RMSE=0.085620 | LR=1.36e-04
Epoch 1521 | Loss(MSE)=0.007334 | MAE=0.035147 | RMSE=0.085636 | LR=1.36e-04
Epoch 1522 | Loss(MSE)=0.007328 | MAE=0.034961 | RMSE=0.085603 | LR=1.35e-04
Epoch 1523 | Loss(MSE)=0.007335 | MAE=0.035197 | RMSE=0.085646 | LR=1.35e-04
Epoch 1524 | Loss(MSE)=0.007333 | MAE=0.034952 | RMSE=0.085631 | LR=1.34e-04
Epoch 1525 | Loss(MSE)=0.007333 | MAE=0.035160 | RMSE=0.085631 | LR=1.34e-04
Epoch 1526 | Loss(MSE)=0.007329 | MAE=0.034945 | RMSE=0.085608 | LR=1.33e-04
Epoch 1527 | Loss(MSE)=0.007325 | MAE=0.035200 | RMSE=0.085587 | LR=1.33e-04
Epoch 1528 | Loss(MSE)=0.007326 | MAE=0.034998 | RMSE=0.085590 | LR=1.32e-04
Epoch 1529 | Loss(MSE)=0.007332 | MAE=0.035072 | RMSE=0.085625 | LR=1.32e-04
Epoch 1530 | Loss(MSE)=0.007337 | MAE=0.035092 | RMSE=0.085658 | LR=1.31e-04
Epoch 1531 | Loss(MSE)=0.007329 | MAE=0.035089 | RMSE=0.085609 | LR=1.31e-04
Epoch 1532 | Loss(MSE)=0.007327 | MAE=0.035019 | RMSE=0.085599 | LR=1.30e-04
Epoch 1533 | Loss(MSE)=0.007333 | MAE=0.035213 | RMSE=0.085630 | LR=1.29e-04
Epoch 1534 | Loss(MSE)=0.007323 | MAE=0.035004 | RMSE=0.085576 | LR=1.29e-04
Epoch 1535 | Loss(MSE)=0.007333 | MAE=0.035050 | RMSE=0.085631 | LR=1.28e-04
Epoch 1536 | Loss(MSE)=0.007323 | MAE=0.035042 | RMSE=0.085577 | LR=1.28e-04
Epoch 1537 | Loss(MSE)=0.007323 | MAE=0.035157 | RMSE=0.085575 | LR=1.27e-04
Epoch 1538 | Loss(MSE)=0.007329 | MAE=0.034974 | RMSE=0.085609 | LR=1.27e-04
Epoch 1539 | Loss(MSE)=0.007331 | MAE=0.035151 | RMSE=0.085623 | LR=1.26e-04
Epoch 1540 | Loss(MSE)=0.007332 | MAE=0.034996 | RMSE=0.085625 | LR=1.26e-04
Epoch 1541 | Loss(MSE)=0.007332 | MAE=0.035135 | RMSE=0.085627 | LR=1.25e-04
Epoch 1542 | Loss(MSE)=0.007330 | MAE=0.035178 | RMSE=0.085618 | LR=1.25e-04
Epoch 1543 | Loss(MSE)=0.007326 | MAE=0.035090 | RMSE=0.085594 | LR=1.24e-04
Epoch 1544 | Loss(MSE)=0.007326 | MAE=0.035032 | RMSE=0.085591 | LR=1.24e-04
Epoch 1545 | Loss(MSE)=0.007330 | MAE=0.035018 | RMSE=0.085613 | LR=1.23e-04
Epoch 1546 | Loss(MSE)=0.007329 | MAE=0.035153 | RMSE=0.085610 | LR=1.23e-04
Epoch 1547 | Loss(MSE)=0.007324 | MAE=0.035049 | RMSE=0.085580 | LR=1.22e-04
Epoch 1548 | Loss(MSE)=0.007332 | MAE=0.034973 | RMSE=0.085625 | LR=1.22e-04
Epoch 1549 | Loss(MSE)=0.007331 | MAE=0.035159 | RMSE=0.085623 | LR=1.21e-04
Epoch 1550 | Loss(MSE)=0.007333 | MAE=0.035017 | RMSE=0.085635 | LR=1.21e-04
Epoch 1551 | Loss(MSE)=0.007329 | MAE=0.035136 | RMSE=0.085609 | LR=1.20e-04
Epoch 1552 | Loss(MSE)=0.007327 | MAE=0.035155 | RMSE=0.085600 | LR=1.20e-04
Epoch 1553 | Loss(MSE)=0.007328 | MAE=0.034996 | RMSE=0.085606 | LR=1.19e-04
Epoch 1554 | Loss(MSE)=0.007329 | MAE=0.035074 | RMSE=0.085612 | LR=1.19e-04
Epoch 1555 | Loss(MSE)=0.007329 | MAE=0.035091 | RMSE=0.085609 | LR=1.18e-04
Epoch 1556 | Loss(MSE)=0.007328 | MAE=0.035060 | RMSE=0.085605 | LR=1.18e-04
Epoch 1557 | Loss(MSE)=0.007335 | MAE=0.035071 | RMSE=0.085645 | LR=1.17e-04
Epoch 1558 | Loss(MSE)=0.007321 | MAE=0.035201 | RMSE=0.085565 | LR=1.17e-04
Epoch 1559 | Loss(MSE)=0.007328 | MAE=0.035018 | RMSE=0.085603 | LR=1.16e-04
Epoch 1560 | Loss(MSE)=0.007329 | MAE=0.034970 | RMSE=0.085611 | LR=1.16e-04
Epoch 1561 | Loss(MSE)=0.007320 | MAE=0.035012 | RMSE=0.085556 | LR=1.15e-04
Epoch 1562 | Loss(MSE)=0.007329 | MAE=0.035008 | RMSE=0.085608 | LR=1.15e-04
Epoch 1563 | Loss(MSE)=0.007329 | MAE=0.035164 | RMSE=0.085608 | LR=1.14e-04
Epoch 1564 | Loss(MSE)=0.007326 | MAE=0.035039 | RMSE=0.085591 | LR=1.14e-04
Epoch 1565 | Loss(MSE)=0.007325 | MAE=0.034973 | RMSE=0.085586 | LR=1.13e-04
Epoch 1566 | Loss(MSE)=0.007327 | MAE=0.035092 | RMSE=0.085598 | LR=1.13e-04
Epoch 1567 | Loss(MSE)=0.007320 | MAE=0.034989 | RMSE=0.085558 | LR=1.12e-04
Epoch 1568 | Loss(MSE)=0.007324 | MAE=0.034993 | RMSE=0.085582 | LR=1.12e-04
Epoch 1569 | Loss(MSE)=0.007325 | MAE=0.035019 | RMSE=0.085585 | LR=1.11e-04
Epoch 1570 | Loss(MSE)=0.007323 | MAE=0.035053 | RMSE=0.085577 | LR=1.11e-04
Epoch 1571 | Loss(MSE)=0.007333 | MAE=0.035135 | RMSE=0.085631 | LR=1.10e-04
Epoch 1572 | Loss(MSE)=0.007320 | MAE=0.035045 | RMSE=0.085560 | LR=1.10e-04
Epoch 1573 | Loss(MSE)=0.007324 | MAE=0.035118 | RMSE=0.085580 | LR=1.09e-04
Epoch 1574 | Loss(MSE)=0.007329 | MAE=0.035083 | RMSE=0.085608 | LR=1.09e-04
Epoch 1575 | Loss(MSE)=0.007328 | MAE=0.035129 | RMSE=0.085606 | LR=1.08e-04
Epoch 1576 | Loss(MSE)=0.007320 | MAE=0.035204 | RMSE=0.085558 | LR=1.08e-04
Epoch 1577 | Loss(MSE)=0.007328 | MAE=0.034919 | RMSE=0.085605 | LR=1.07e-04
Epoch 1578 | Loss(MSE)=0.007325 | MAE=0.035063 | RMSE=0.085589 | LR=1.07e-04
Epoch 1579 | Loss(MSE)=0.007320 | MAE=0.035037 | RMSE=0.085556 | LR=1.06e-04
Epoch 1580 | Loss(MSE)=0.007330 | MAE=0.035182 | RMSE=0.085615 | LR=1.06e-04
Epoch 1581 | Loss(MSE)=0.007326 | MAE=0.034934 | RMSE=0.085589 | LR=1.05e-04
Epoch 1582 | Loss(MSE)=0.007326 | MAE=0.035171 | RMSE=0.085593 | LR=1.05e-04
Epoch 1583 | Loss(MSE)=0.007329 | MAE=0.034967 | RMSE=0.085608 | LR=1.04e-04
Epoch 1584 | Loss(MSE)=0.007318 | MAE=0.035107 | RMSE=0.085543 | LR=1.04e-04
Epoch 1585 | Loss(MSE)=0.007330 | MAE=0.035165 | RMSE=0.085617 | LR=1.03e-04
Epoch 1586 | Loss(MSE)=0.007332 | MAE=0.035060 | RMSE=0.085629 | LR=1.03e-04
Epoch 1587 | Loss(MSE)=0.007325 | MAE=0.034967 | RMSE=0.085588 | LR=1.02e-04
Epoch 1588 | Loss(MSE)=0.007321 | MAE=0.035053 | RMSE=0.085564 | LR=1.02e-04
Epoch 1589 | Loss(MSE)=0.007325 | MAE=0.035062 | RMSE=0.085585 | LR=1.02e-04
Epoch 1590 | Loss(MSE)=0.007320 | MAE=0.035138 | RMSE=0.085559 | LR=1.01e-04
Epoch 1591 | Loss(MSE)=0.007328 | MAE=0.035010 | RMSE=0.085602 | LR=1.01e-04
Epoch 1592 | Loss(MSE)=0.007327 | MAE=0.035128 | RMSE=0.085599 | LR=1.00e-04
Epoch 1593 | Loss(MSE)=0.007327 | MAE=0.035080 | RMSE=0.085600 | LR=9.96e-05
Epoch 1594 | Loss(MSE)=0.007329 | MAE=0.034977 | RMSE=0.085608 | LR=9.92e-05
Epoch 1595 | Loss(MSE)=0.007326 | MAE=0.035018 | RMSE=0.085594 | LR=9.87e-05
Epoch 1596 | Loss(MSE)=0.007323 | MAE=0.035095 | RMSE=0.085572 | LR=9.82e-05
Epoch 1597 | Loss(MSE)=0.007323 | MAE=0.035054 | RMSE=0.085577 | LR=9.78e-05
Epoch 1598 | Loss(MSE)=0.007322 | MAE=0.035143 | RMSE=0.085569 | LR=9.73e-05
Epoch 1599 | Loss(MSE)=0.007326 | MAE=0.035063 | RMSE=0.085590 | LR=9.69e-05
Epoch 1600 | Loss(MSE)=0.007324 | MAE=0.034938 | RMSE=0.085578 | LR=9.64e-05
Epoch 1601 | Loss(MSE)=0.007324 | MAE=0.035127 | RMSE=0.085580 | LR=9.59e-05
Epoch 1602 | Loss(MSE)=0.007321 | MAE=0.034961 | RMSE=0.085562 | LR=9.55e-05
Epoch 1603 | Loss(MSE)=0.007326 | MAE=0.035097 | RMSE=0.085593 | LR=9.50e-05
Epoch 1604 | Loss(MSE)=0.007328 | MAE=0.035100 | RMSE=0.085603 | LR=9.46e-05
Epoch 1605 | Loss(MSE)=0.007319 | MAE=0.035053 | RMSE=0.085552 | LR=9.41e-05
Epoch 1606 | Loss(MSE)=0.007317 | MAE=0.034940 | RMSE=0.085540 | LR=9.36e-05
Epoch 1607 | Loss(MSE)=0.007328 | MAE=0.035145 | RMSE=0.085604 | LR=9.32e-05
Epoch 1608 | Loss(MSE)=0.007323 | MAE=0.035034 | RMSE=0.085576 | LR=9.27e-05
Epoch 1609 | Loss(MSE)=0.007325 | MAE=0.034984 | RMSE=0.085586 | LR=9.23e-05
Epoch 1610 | Loss(MSE)=0.007320 | MAE=0.034979 | RMSE=0.085555 | LR=9.18e-05
Epoch 1611 | Loss(MSE)=0.007326 | MAE=0.035131 | RMSE=0.085592 | LR=9.14e-05
Epoch 1612 | Loss(MSE)=0.007331 | MAE=0.035117 | RMSE=0.085619 | LR=9.09e-05
Epoch 1613 | Loss(MSE)=0.007319 | MAE=0.035029 | RMSE=0.085551 | LR=9.05e-05
Epoch 1614 | Loss(MSE)=0.007324 | MAE=0.035004 | RMSE=0.085581 | LR=9.00e-05
Epoch 1615 | Loss(MSE)=0.007323 | MAE=0.034942 | RMSE=0.085572 | LR=8.96e-05
Epoch 1616 | Loss(MSE)=0.007334 | MAE=0.034972 | RMSE=0.085636 | LR=8.91e-05
Epoch 1617 | Loss(MSE)=0.007331 | MAE=0.035028 | RMSE=0.085619 | LR=8.87e-05
Epoch 1618 | Loss(MSE)=0.007320 | MAE=0.035190 | RMSE=0.085558 | LR=8.83e-05
Epoch 1619 | Loss(MSE)=0.007323 | MAE=0.035155 | RMSE=0.085577 | LR=8.78e-05
Epoch 1620 | Loss(MSE)=0.007321 | MAE=0.034930 | RMSE=0.085562 | LR=8.74e-05
Epoch 1621 | Loss(MSE)=0.007323 | MAE=0.035136 | RMSE=0.085573 | LR=8.69e-05
Epoch 1622 | Loss(MSE)=0.007324 | MAE=0.034987 | RMSE=0.085578 | LR=8.65e-05
Epoch 1623 | Loss(MSE)=0.007328 | MAE=0.034921 | RMSE=0.085602 | LR=8.61e-05
Epoch 1624 | Loss(MSE)=0.007322 | MAE=0.035241 | RMSE=0.085572 | LR=8.56e-05
Epoch 1625 | Loss(MSE)=0.007324 | MAE=0.035112 | RMSE=0.085581 | LR=8.52e-05
Epoch 1626 | Loss(MSE)=0.007318 | MAE=0.034924 | RMSE=0.085545 | LR=8.47e-05
Epoch 1627 | Loss(MSE)=0.007315 | MAE=0.035055 | RMSE=0.085528 | LR=8.43e-05
Epoch 1628 | Loss(MSE)=0.007330 | MAE=0.034999 | RMSE=0.085618 | LR=8.39e-05
Epoch 1629 | Loss(MSE)=0.007320 | MAE=0.034996 | RMSE=0.085557 | LR=8.34e-05
Epoch 1630 | Loss(MSE)=0.007319 | MAE=0.035234 | RMSE=0.085552 | LR=8.30e-05
Epoch 1631 | Loss(MSE)=0.007330 | MAE=0.035134 | RMSE=0.085617 | LR=8.26e-05
Epoch 1632 | Loss(MSE)=0.007317 | MAE=0.035068 | RMSE=0.085541 | LR=8.22e-05
Epoch 1633 | Loss(MSE)=0.007331 | MAE=0.034999 | RMSE=0.085624 | LR=8.17e-05
Epoch 1634 | Loss(MSE)=0.007315 | MAE=0.035039 | RMSE=0.085528 | LR=8.13e-05
Epoch 1635 | Loss(MSE)=0.007326 | MAE=0.035040 | RMSE=0.085589 | LR=8.09e-05
Epoch 1636 | Loss(MSE)=0.007327 | MAE=0.035139 | RMSE=0.085595 | LR=8.04e-05
Epoch 1637 | Loss(MSE)=0.007327 | MAE=0.034967 | RMSE=0.085598 | LR=8.00e-05
Epoch 1638 | Loss(MSE)=0.007330 | MAE=0.035106 | RMSE=0.085617 | LR=7.96e-05
Epoch 1639 | Loss(MSE)=0.007323 | MAE=0.034939 | RMSE=0.085572 | LR=7.92e-05
Epoch 1640 | Loss(MSE)=0.007319 | MAE=0.035041 | RMSE=0.085549 | LR=7.88e-05
Epoch 1641 | Loss(MSE)=0.007321 | MAE=0.035069 | RMSE=0.085562 | LR=7.83e-05
Epoch 1642 | Loss(MSE)=0.007318 | MAE=0.034953 | RMSE=0.085546 | LR=7.79e-05
Epoch 1643 | Loss(MSE)=0.007323 | MAE=0.035147 | RMSE=0.085576 | LR=7.75e-05
Epoch 1644 | Loss(MSE)=0.007320 | MAE=0.035064 | RMSE=0.085558 | LR=7.71e-05
Epoch 1645 | Loss(MSE)=0.007327 | MAE=0.034977 | RMSE=0.085597 | LR=7.67e-05
Epoch 1646 | Loss(MSE)=0.007322 | MAE=0.034987 | RMSE=0.085567 | LR=7.63e-05
Epoch 1647 | Loss(MSE)=0.007330 | MAE=0.035139 | RMSE=0.085617 | LR=7.58e-05
Epoch 1648 | Loss(MSE)=0.007325 | MAE=0.035064 | RMSE=0.085589 | LR=7.54e-05
Epoch 1649 | Loss(MSE)=0.007323 | MAE=0.035063 | RMSE=0.085575 | LR=7.50e-05
Epoch 1650 | Loss(MSE)=0.007322 | MAE=0.035066 | RMSE=0.085569 | LR=7.46e-05
Epoch 1651 | Loss(MSE)=0.007328 | MAE=0.034995 | RMSE=0.085603 | LR=7.42e-05
Epoch 1652 | Loss(MSE)=0.007322 | MAE=0.035088 | RMSE=0.085570 | LR=7.38e-05
Epoch 1653 | Loss(MSE)=0.007321 | MAE=0.035084 | RMSE=0.085561 | LR=7.34e-05
Epoch 1654 | Loss(MSE)=0.007319 | MAE=0.034996 | RMSE=0.085553 | LR=7.30e-05
Epoch 1655 | Loss(MSE)=0.007320 | MAE=0.035093 | RMSE=0.085555 | LR=7.26e-05
Epoch 1656 | Loss(MSE)=0.007328 | MAE=0.035025 | RMSE=0.085606 | LR=7.22e-05
Epoch 1657 | Loss(MSE)=0.007331 | MAE=0.035070 | RMSE=0.085619 | LR=7.18e-05
Epoch 1658 | Loss(MSE)=0.007320 | MAE=0.035064 | RMSE=0.085559 | LR=7.14e-05
Epoch 1659 | Loss(MSE)=0.007323 | MAE=0.035084 | RMSE=0.085572 | LR=7.10e-05
Epoch 1660 | Loss(MSE)=0.007319 | MAE=0.035141 | RMSE=0.085550 | LR=7.06e-05
Epoch 1661 | Loss(MSE)=0.007328 | MAE=0.034983 | RMSE=0.085603 | LR=7.02e-05
Epoch 1662 | Loss(MSE)=0.007324 | MAE=0.034940 | RMSE=0.085580 | LR=6.98e-05
Epoch 1663 | Loss(MSE)=0.007327 | MAE=0.035040 | RMSE=0.085597 | LR=6.94e-05
Epoch 1664 | Loss(MSE)=0.007321 | MAE=0.035008 | RMSE=0.085560 | LR=6.90e-05
Epoch 1665 | Loss(MSE)=0.007324 | MAE=0.035069 | RMSE=0.085578 | LR=6.86e-05
Epoch 1666 | Loss(MSE)=0.007324 | MAE=0.035068 | RMSE=0.085582 | LR=6.82e-05
Epoch 1667 | Loss(MSE)=0.007330 | MAE=0.035082 | RMSE=0.085613 | LR=6.78e-05
Epoch 1668 | Loss(MSE)=0.007323 | MAE=0.035041 | RMSE=0.085574 | LR=6.74e-05
Epoch 1669 | Loss(MSE)=0.007322 | MAE=0.035090 | RMSE=0.085568 | LR=6.70e-05
Epoch 1670 | Loss(MSE)=0.007328 | MAE=0.035079 | RMSE=0.085606 | LR=6.66e-05
Epoch 1671 | Loss(MSE)=0.007322 | MAE=0.034939 | RMSE=0.085569 | LR=6.62e-05
Epoch 1672 | Loss(MSE)=0.007323 | MAE=0.035021 | RMSE=0.085572 | LR=6.58e-05
Epoch 1673 | Loss(MSE)=0.007322 | MAE=0.035054 | RMSE=0.085568 | LR=6.55e-05
Epoch 1674 | Loss(MSE)=0.007321 | MAE=0.035039 | RMSE=0.085565 | LR=6.51e-05
Epoch 1675 | Loss(MSE)=0.007324 | MAE=0.035088 | RMSE=0.085581 | LR=6.47e-05
Epoch 1676 | Loss(MSE)=0.007322 | MAE=0.035104 | RMSE=0.085570 | LR=6.43e-05
Epoch 1677 | Loss(MSE)=0.007316 | MAE=0.034949 | RMSE=0.085536 | LR=6.39e-05
Epoch 1678 | Loss(MSE)=0.007317 | MAE=0.034966 | RMSE=0.085540 | LR=6.35e-05
Epoch 1679 | Loss(MSE)=0.007323 | MAE=0.035129 | RMSE=0.085577 | LR=6.32e-05
Epoch 1680 | Loss(MSE)=0.007332 | MAE=0.034955 | RMSE=0.085627 | LR=6.28e-05
Epoch 1681 | Loss(MSE)=0.007316 | MAE=0.035075 | RMSE=0.085534 | LR=6.24e-05
Epoch 1682 | Loss(MSE)=0.007317 | MAE=0.035049 | RMSE=0.085541 | LR=6.20e-05
Epoch 1683 | Loss(MSE)=0.007316 | MAE=0.034967 | RMSE=0.085532 | LR=6.17e-05
Epoch 1684 | Loss(MSE)=0.007320 | MAE=0.034985 | RMSE=0.085559 | LR=6.13e-05
Epoch 1685 | Loss(MSE)=0.007314 | MAE=0.034970 | RMSE=0.085524 | LR=6.09e-05
Epoch 1686 | Loss(MSE)=0.007319 | MAE=0.035002 | RMSE=0.085553 | LR=6.05e-05
Epoch 1687 | Loss(MSE)=0.007326 | MAE=0.035193 | RMSE=0.085592 | LR=6.02e-05
Epoch 1688 | Loss(MSE)=0.007317 | MAE=0.035080 | RMSE=0.085539 | LR=5.98e-05
Epoch 1689 | Loss(MSE)=0.007322 | MAE=0.035051 | RMSE=0.085569 | LR=5.94e-05
Epoch 1690 | Loss(MSE)=0.007326 | MAE=0.035050 | RMSE=0.085590 | LR=5.91e-05
Epoch 1691 | Loss(MSE)=0.007328 | MAE=0.035174 | RMSE=0.085605 | LR=5.87e-05
Epoch 1692 | Loss(MSE)=0.007318 | MAE=0.035007 | RMSE=0.085545 | LR=5.83e-05
Epoch 1693 | Loss(MSE)=0.007320 | MAE=0.035050 | RMSE=0.085556 | LR=5.80e-05
Epoch 1694 | Loss(MSE)=0.007317 | MAE=0.034967 | RMSE=0.085541 | LR=5.76e-05
Epoch 1695 | Loss(MSE)=0.007319 | MAE=0.035063 | RMSE=0.085548 | LR=5.72e-05
Epoch 1696 | Loss(MSE)=0.007326 | MAE=0.035104 | RMSE=0.085594 | LR=5.69e-05
Epoch 1697 | Loss(MSE)=0.007318 | MAE=0.035002 | RMSE=0.085547 | LR=5.65e-05
Epoch 1698 | Loss(MSE)=0.007324 | MAE=0.035103 | RMSE=0.085583 | LR=5.62e-05
Epoch 1699 | Loss(MSE)=0.007314 | MAE=0.035046 | RMSE=0.085522 | LR=5.58e-05
Epoch 1700 | Loss(MSE)=0.007323 | MAE=0.035057 | RMSE=0.085575 | LR=5.54e-05
Epoch 1701 | Loss(MSE)=0.007316 | MAE=0.034985 | RMSE=0.085535 | LR=5.51e-05
Epoch 1702 | Loss(MSE)=0.007324 | MAE=0.034959 | RMSE=0.085582 | LR=5.47e-05
Epoch 1703 | Loss(MSE)=0.007321 | MAE=0.035009 | RMSE=0.085561 | LR=5.44e-05
Epoch 1704 | Loss(MSE)=0.007323 | MAE=0.035017 | RMSE=0.085577 | LR=5.40e-05
Epoch 1705 | Loss(MSE)=0.007324 | MAE=0.035050 | RMSE=0.085579 | LR=5.37e-05
Epoch 1706 | Loss(MSE)=0.007318 | MAE=0.035020 | RMSE=0.085544 | LR=5.33e-05
Epoch 1707 | Loss(MSE)=0.007317 | MAE=0.034987 | RMSE=0.085540 | LR=5.30e-05
Epoch 1708 | Loss(MSE)=0.007319 | MAE=0.035056 | RMSE=0.085554 | LR=5.26e-05
Epoch 1709 | Loss(MSE)=0.007315 | MAE=0.035022 | RMSE=0.085530 | LR=5.23e-05
Epoch 1710 | Loss(MSE)=0.007323 | MAE=0.034979 | RMSE=0.085577 | LR=5.19e-05
Epoch 1711 | Loss(MSE)=0.007317 | MAE=0.034993 | RMSE=0.085540 | LR=5.16e-05
Epoch 1712 | Loss(MSE)=0.007319 | MAE=0.035071 | RMSE=0.085549 | LR=5.12e-05
Epoch 1713 | Loss(MSE)=0.007323 | MAE=0.035087 | RMSE=0.085575 | LR=5.09e-05
Epoch 1714 | Loss(MSE)=0.007320 | MAE=0.034974 | RMSE=0.085556 | LR=5.06e-05
Epoch 1715 | Loss(MSE)=0.007320 | MAE=0.035059 | RMSE=0.085558 | LR=5.02e-05
Epoch 1716 | Loss(MSE)=0.007334 | MAE=0.035089 | RMSE=0.085638 | LR=4.99e-05
Epoch 1717 | Loss(MSE)=0.007320 | MAE=0.035086 | RMSE=0.085556 | LR=4.95e-05
Epoch 1718 | Loss(MSE)=0.007316 | MAE=0.035048 | RMSE=0.085532 | LR=4.92e-05
Epoch 1719 | Loss(MSE)=0.007329 | MAE=0.035017 | RMSE=0.085610 | LR=4.89e-05
Epoch 1720 | Loss(MSE)=0.007321 | MAE=0.035098 | RMSE=0.085562 | LR=4.85e-05
Epoch 1721 | Loss(MSE)=0.007319 | MAE=0.035075 | RMSE=0.085554 | LR=4.82e-05
Epoch 1722 | Loss(MSE)=0.007322 | MAE=0.035050 | RMSE=0.085567 | LR=4.79e-05
Epoch 1723 | Loss(MSE)=0.007314 | MAE=0.035071 | RMSE=0.085521 | LR=4.75e-05
Epoch 1724 | Loss(MSE)=0.007325 | MAE=0.035067 | RMSE=0.085587 | LR=4.72e-05
Epoch 1725 | Loss(MSE)=0.007325 | MAE=0.035050 | RMSE=0.085585 | LR=4.69e-05
Epoch 1726 | Loss(MSE)=0.007323 | MAE=0.035022 | RMSE=0.085573 | LR=4.66e-05
Epoch 1727 | Loss(MSE)=0.007323 | MAE=0.035109 | RMSE=0.085575 | LR=4.62e-05
Epoch 1728 | Loss(MSE)=0.007319 | MAE=0.035007 | RMSE=0.085554 | LR=4.59e-05
Epoch 1729 | Loss(MSE)=0.007315 | MAE=0.035035 | RMSE=0.085527 | LR=4.56e-05
Epoch 1730 | Loss(MSE)=0.007327 | MAE=0.035041 | RMSE=0.085597 | LR=4.53e-05
Epoch 1731 | Loss(MSE)=0.007321 | MAE=0.034993 | RMSE=0.085562 | LR=4.49e-05
Epoch 1732 | Loss(MSE)=0.007325 | MAE=0.035176 | RMSE=0.085586 | LR=4.46e-05
Epoch 1733 | Loss(MSE)=0.007335 | MAE=0.035241 | RMSE=0.085642 | LR=4.43e-05
Epoch 1734 | Loss(MSE)=0.007312 | MAE=0.035038 | RMSE=0.085511 | LR=4.40e-05
Epoch 1735 | Loss(MSE)=0.007322 | MAE=0.035156 | RMSE=0.085569 | LR=4.37e-05
Epoch 1736 | Loss(MSE)=0.007331 | MAE=0.035038 | RMSE=0.085622 | LR=4.33e-05
Epoch 1737 | Loss(MSE)=0.007321 | MAE=0.035040 | RMSE=0.085564 | LR=4.30e-05
Epoch 1738 | Loss(MSE)=0.007314 | MAE=0.035086 | RMSE=0.085523 | LR=4.27e-05
Epoch 1739 | Loss(MSE)=0.007319 | MAE=0.034974 | RMSE=0.085553 | LR=4.24e-05
Epoch 1740 | Loss(MSE)=0.007326 | MAE=0.035036 | RMSE=0.085592 | LR=4.21e-05
Epoch 1741 | Loss(MSE)=0.007324 | MAE=0.035003 | RMSE=0.085578 | LR=4.18e-05
Epoch 1742 | Loss(MSE)=0.007319 | MAE=0.035014 | RMSE=0.085550 | LR=4.15e-05
Epoch 1743 | Loss(MSE)=0.007324 | MAE=0.035024 | RMSE=0.085579 | LR=4.12e-05
Epoch 1744 | Loss(MSE)=0.007325 | MAE=0.035121 | RMSE=0.085588 | LR=4.08e-05
Epoch 1745 | Loss(MSE)=0.007320 | MAE=0.035104 | RMSE=0.085557 | LR=4.05e-05
Epoch 1746 | Loss(MSE)=0.007313 | MAE=0.035051 | RMSE=0.085517 | LR=4.02e-05
Epoch 1747 | Loss(MSE)=0.007316 | MAE=0.035093 | RMSE=0.085536 | LR=3.99e-05
Epoch 1748 | Loss(MSE)=0.007314 | MAE=0.035025 | RMSE=0.085520 | LR=3.96e-05
Epoch 1749 | Loss(MSE)=0.007323 | MAE=0.035015 | RMSE=0.085575 | LR=3.93e-05
Epoch 1750 | Loss(MSE)=0.007320 | MAE=0.034998 | RMSE=0.085554 | LR=3.90e-05
Epoch 1751 | Loss(MSE)=0.007321 | MAE=0.035070 | RMSE=0.085562 | LR=3.87e-05
Epoch 1752 | Loss(MSE)=0.007321 | MAE=0.034991 | RMSE=0.085562 | LR=3.84e-05
Epoch 1753 | Loss(MSE)=0.007321 | MAE=0.035075 | RMSE=0.085560 | LR=3.81e-05
Epoch 1754 | Loss(MSE)=0.007315 | MAE=0.035000 | RMSE=0.085530 | LR=3.78e-05
Epoch 1755 | Loss(MSE)=0.007319 | MAE=0.034993 | RMSE=0.085552 | LR=3.75e-05
Epoch 1756 | Loss(MSE)=0.007322 | MAE=0.035073 | RMSE=0.085568 | LR=3.72e-05
Epoch 1757 | Loss(MSE)=0.007318 | MAE=0.034997 | RMSE=0.085546 | LR=3.69e-05
Epoch 1758 | Loss(MSE)=0.007319 | MAE=0.034968 | RMSE=0.085552 | LR=3.67e-05
Epoch 1759 | Loss(MSE)=0.007324 | MAE=0.034963 | RMSE=0.085581 | LR=3.64e-05
Epoch 1760 | Loss(MSE)=0.007316 | MAE=0.035006 | RMSE=0.085536 | LR=3.61e-05
Epoch 1761 | Loss(MSE)=0.007317 | MAE=0.035058 | RMSE=0.085537 | LR=3.58e-05
Epoch 1762 | Loss(MSE)=0.007324 | MAE=0.035015 | RMSE=0.085578 | LR=3.55e-05
Epoch 1763 | Loss(MSE)=0.007317 | MAE=0.035045 | RMSE=0.085542 | LR=3.52e-05
Epoch 1764 | Loss(MSE)=0.007320 | MAE=0.034983 | RMSE=0.085555 | LR=3.49e-05
Epoch 1765 | Loss(MSE)=0.007319 | MAE=0.035004 | RMSE=0.085549 | LR=3.46e-05
Epoch 1766 | Loss(MSE)=0.007326 | MAE=0.035053 | RMSE=0.085590 | LR=3.44e-05
Epoch 1767 | Loss(MSE)=0.007323 | MAE=0.035072 | RMSE=0.085572 | LR=3.41e-05
Epoch 1768 | Loss(MSE)=0.007322 | MAE=0.034922 | RMSE=0.085567 | LR=3.38e-05
Epoch 1769 | Loss(MSE)=0.007322 | MAE=0.035029 | RMSE=0.085570 | LR=3.35e-05
Epoch 1770 | Loss(MSE)=0.007319 | MAE=0.035028 | RMSE=0.085550 | LR=3.32e-05
Epoch 1771 | Loss(MSE)=0.007320 | MAE=0.035020 | RMSE=0.085560 | LR=3.30e-05
Epoch 1772 | Loss(MSE)=0.007316 | MAE=0.034930 | RMSE=0.085536 | LR=3.27e-05
Epoch 1773 | Loss(MSE)=0.007311 | MAE=0.035021 | RMSE=0.085506 | LR=3.24e-05
Epoch 1774 | Loss(MSE)=0.007313 | MAE=0.035051 | RMSE=0.085513 | LR=3.21e-05
Epoch 1775 | Loss(MSE)=0.007316 | MAE=0.035040 | RMSE=0.085536 | LR=3.19e-05
Epoch 1776 | Loss(MSE)=0.007321 | MAE=0.035130 | RMSE=0.085563 | LR=3.16e-05
Epoch 1777 | Loss(MSE)=0.007315 | MAE=0.035032 | RMSE=0.085528 | LR=3.13e-05
Epoch 1778 | Loss(MSE)=0.007318 | MAE=0.034939 | RMSE=0.085547 | LR=3.11e-05
Epoch 1779 | Loss(MSE)=0.007319 | MAE=0.035037 | RMSE=0.085552 | LR=3.08e-05
Epoch 1780 | Loss(MSE)=0.007310 | MAE=0.035030 | RMSE=0.085500 | LR=3.05e-05
Epoch 1781 | Loss(MSE)=0.007321 | MAE=0.035113 | RMSE=0.085563 | LR=3.03e-05
Epoch 1782 | Loss(MSE)=0.007322 | MAE=0.035008 | RMSE=0.085567 | LR=3.00e-05
Epoch 1783 | Loss(MSE)=0.007320 | MAE=0.035026 | RMSE=0.085557 | LR=2.97e-05
Epoch 1784 | Loss(MSE)=0.007319 | MAE=0.035027 | RMSE=0.085551 | LR=2.95e-05
Epoch 1785 | Loss(MSE)=0.007316 | MAE=0.035013 | RMSE=0.085536 | LR=2.92e-05
Epoch 1786 | Loss(MSE)=0.007319 | MAE=0.035107 | RMSE=0.085550 | LR=2.90e-05
Epoch 1787 | Loss(MSE)=0.007314 | MAE=0.034990 | RMSE=0.085522 | LR=2.87e-05
Epoch 1788 | Loss(MSE)=0.007313 | MAE=0.034997 | RMSE=0.085515 | LR=2.84e-05
Epoch 1789 | Loss(MSE)=0.007313 | MAE=0.035062 | RMSE=0.085517 | LR=2.82e-05
Epoch 1790 | Loss(MSE)=0.007315 | MAE=0.034948 | RMSE=0.085525 | LR=2.79e-05
Epoch 1791 | Loss(MSE)=0.007320 | MAE=0.035029 | RMSE=0.085559 | LR=2.77e-05
Epoch 1792 | Loss(MSE)=0.007322 | MAE=0.035080 | RMSE=0.085567 | LR=2.74e-05
Epoch 1793 | Loss(MSE)=0.007317 | MAE=0.034943 | RMSE=0.085539 | LR=2.72e-05
Epoch 1794 | Loss(MSE)=0.007315 | MAE=0.035027 | RMSE=0.085531 | LR=2.69e-05
Epoch 1795 | Loss(MSE)=0.007318 | MAE=0.035051 | RMSE=0.085543 | LR=2.67e-05
Epoch 1796 | Loss(MSE)=0.007318 | MAE=0.034995 | RMSE=0.085546 | LR=2.64e-05
Epoch 1797 | Loss(MSE)=0.007320 | MAE=0.034964 | RMSE=0.085558 | LR=2.62e-05
Epoch 1798 | Loss(MSE)=0.007316 | MAE=0.035024 | RMSE=0.085536 | LR=2.59e-05
Epoch 1799 | Loss(MSE)=0.007315 | MAE=0.034995 | RMSE=0.085525 | LR=2.57e-05
Epoch 1800 | Loss(MSE)=0.007300 | MAE=0.034892 | RMSE=0.085440 | LR=2.54e-05
Epoch 1801 | Loss(MSE)=0.007318 | MAE=0.035045 | RMSE=0.085544 | LR=2.52e-05
Epoch 1802 | Loss(MSE)=0.007316 | MAE=0.035037 | RMSE=0.085535 | LR=2.50e-05
Epoch 1803 | Loss(MSE)=0.007309 | MAE=0.034991 | RMSE=0.085490 | LR=2.47e-05
Epoch 1804 | Loss(MSE)=0.007321 | MAE=0.035029 | RMSE=0.085563 | LR=2.45e-05
Epoch 1805 | Loss(MSE)=0.007327 | MAE=0.035046 | RMSE=0.085600 | LR=2.42e-05
Epoch 1806 | Loss(MSE)=0.007318 | MAE=0.035021 | RMSE=0.085546 | LR=2.40e-05
Epoch 1807 | Loss(MSE)=0.007324 | MAE=0.034996 | RMSE=0.085582 | LR=2.38e-05
Epoch 1808 | Loss(MSE)=0.007327 | MAE=0.035016 | RMSE=0.085601 | LR=2.35e-05
Epoch 1809 | Loss(MSE)=0.007321 | MAE=0.035030 | RMSE=0.085564 | LR=2.33e-05
Epoch 1810 | Loss(MSE)=0.007319 | MAE=0.035007 | RMSE=0.085549 | LR=2.31e-05
Epoch 1811 | Loss(MSE)=0.007325 | MAE=0.034958 | RMSE=0.085586 | LR=2.29e-05
Epoch 1812 | Loss(MSE)=0.007318 | MAE=0.034991 | RMSE=0.085545 | LR=2.26e-05
Epoch 1813 | Loss(MSE)=0.007317 | MAE=0.035026 | RMSE=0.085538 | LR=2.24e-05
Epoch 1814 | Loss(MSE)=0.007318 | MAE=0.035023 | RMSE=0.085547 | LR=2.22e-05
Epoch 1815 | Loss(MSE)=0.007317 | MAE=0.034976 | RMSE=0.085539 | LR=2.19e-05
Epoch 1816 | Loss(MSE)=0.007317 | MAE=0.035023 | RMSE=0.085540 | LR=2.17e-05
Epoch 1817 | Loss(MSE)=0.007323 | MAE=0.035034 | RMSE=0.085574 | LR=2.15e-05
Epoch 1818 | Loss(MSE)=0.007314 | MAE=0.034943 | RMSE=0.085519 | LR=2.13e-05
Epoch 1819 | Loss(MSE)=0.007318 | MAE=0.035020 | RMSE=0.085543 | LR=2.11e-05
Epoch 1820 | Loss(MSE)=0.007314 | MAE=0.034956 | RMSE=0.085520 | LR=2.08e-05
Epoch 1821 | Loss(MSE)=0.007314 | MAE=0.034997 | RMSE=0.085525 | LR=2.06e-05
Epoch 1822 | Loss(MSE)=0.007313 | MAE=0.035014 | RMSE=0.085515 | LR=2.04e-05
Epoch 1823 | Loss(MSE)=0.007320 | MAE=0.035039 | RMSE=0.085555 | LR=2.02e-05
Epoch 1824 | Loss(MSE)=0.007319 | MAE=0.035035 | RMSE=0.085553 | LR=2.00e-05
Epoch 1825 | Loss(MSE)=0.007314 | MAE=0.034999 | RMSE=0.085521 | LR=1.98e-05
Epoch 1826 | Loss(MSE)=0.007321 | MAE=0.034980 | RMSE=0.085561 | LR=1.95e-05
Epoch 1827 | Loss(MSE)=0.007318 | MAE=0.034993 | RMSE=0.085544 | LR=1.93e-05
Epoch 1828 | Loss(MSE)=0.007324 | MAE=0.035013 | RMSE=0.085579 | LR=1.91e-05
Epoch 1829 | Loss(MSE)=0.007324 | MAE=0.034991 | RMSE=0.085582 | LR=1.89e-05
Epoch 1830 | Loss(MSE)=0.007314 | MAE=0.035026 | RMSE=0.085522 | LR=1.87e-05
Epoch 1831 | Loss(MSE)=0.007314 | MAE=0.034972 | RMSE=0.085522 | LR=1.85e-05
Epoch 1832 | Loss(MSE)=0.007320 | MAE=0.034974 | RMSE=0.085557 | LR=1.83e-05
Epoch 1833 | Loss(MSE)=0.007311 | MAE=0.035019 | RMSE=0.085502 | LR=1.81e-05
Epoch 1834 | Loss(MSE)=0.007308 | MAE=0.034980 | RMSE=0.085486 | LR=1.79e-05
Epoch 1835 | Loss(MSE)=0.007315 | MAE=0.034977 | RMSE=0.085528 | LR=1.77e-05
Epoch 1836 | Loss(MSE)=0.007311 | MAE=0.034928 | RMSE=0.085506 | LR=1.75e-05
Epoch 1837 | Loss(MSE)=0.007319 | MAE=0.035003 | RMSE=0.085552 | LR=1.73e-05
Epoch 1838 | Loss(MSE)=0.007321 | MAE=0.034987 | RMSE=0.085561 | LR=1.71e-05
Epoch 1839 | Loss(MSE)=0.007309 | MAE=0.034981 | RMSE=0.085492 | LR=1.69e-05
Epoch 1840 | Loss(MSE)=0.007319 | MAE=0.034974 | RMSE=0.085554 | LR=1.67e-05
Epoch 1841 | Loss(MSE)=0.007309 | MAE=0.035017 | RMSE=0.085492 | LR=1.65e-05
Epoch 1842 | Loss(MSE)=0.007317 | MAE=0.034996 | RMSE=0.085539 | LR=1.63e-05
Epoch 1843 | Loss(MSE)=0.007323 | MAE=0.035079 | RMSE=0.085574 | LR=1.61e-05
Epoch 1844 | Loss(MSE)=0.007307 | MAE=0.035023 | RMSE=0.085483 | LR=1.59e-05
Epoch 1845 | Loss(MSE)=0.007315 | MAE=0.035077 | RMSE=0.085526 | LR=1.57e-05
Epoch 1846 | Loss(MSE)=0.007315 | MAE=0.035021 | RMSE=0.085530 | LR=1.55e-05
Epoch 1847 | Loss(MSE)=0.007314 | MAE=0.035014 | RMSE=0.085524 | LR=1.54e-05
Epoch 1848 | Loss(MSE)=0.007317 | MAE=0.035051 | RMSE=0.085538 | LR=1.52e-05
Epoch 1849 | Loss(MSE)=0.007317 | MAE=0.035027 | RMSE=0.085542 | LR=1.50e-05
Epoch 1850 | Loss(MSE)=0.007313 | MAE=0.035052 | RMSE=0.085517 | LR=1.48e-05
Epoch 1851 | Loss(MSE)=0.007313 | MAE=0.035047 | RMSE=0.085518 | LR=1.46e-05
Epoch 1852 | Loss(MSE)=0.007316 | MAE=0.035028 | RMSE=0.085535 | LR=1.44e-05
Epoch 1853 | Loss(MSE)=0.007305 | MAE=0.035008 | RMSE=0.085471 | LR=1.43e-05
Epoch 1854 | Loss(MSE)=0.007310 | MAE=0.035083 | RMSE=0.085497 | LR=1.41e-05
Epoch 1855 | Loss(MSE)=0.007321 | MAE=0.034999 | RMSE=0.085562 | LR=1.39e-05
Epoch 1856 | Loss(MSE)=0.007316 | MAE=0.034985 | RMSE=0.085534 | LR=1.37e-05
Epoch 1857 | Loss(MSE)=0.007319 | MAE=0.035015 | RMSE=0.085551 | LR=1.35e-05
Epoch 1858 | Loss(MSE)=0.007323 | MAE=0.035015 | RMSE=0.085575 | LR=1.34e-05
Epoch 1859 | Loss(MSE)=0.007312 | MAE=0.034974 | RMSE=0.085508 | LR=1.32e-05
Epoch 1860 | Loss(MSE)=0.007319 | MAE=0.035026 | RMSE=0.085549 | LR=1.30e-05
Epoch 1861 | Loss(MSE)=0.007318 | MAE=0.035003 | RMSE=0.085546 | LR=1.29e-05
Epoch 1862 | Loss(MSE)=0.007320 | MAE=0.035004 | RMSE=0.085556 | LR=1.27e-05
Epoch 1863 | Loss(MSE)=0.007315 | MAE=0.035031 | RMSE=0.085528 | LR=1.25e-05
Epoch 1864 | Loss(MSE)=0.007320 | MAE=0.035050 | RMSE=0.085554 | LR=1.24e-05
Epoch 1865 | Loss(MSE)=0.007317 | MAE=0.034994 | RMSE=0.085540 | LR=1.22e-05
Epoch 1866 | Loss(MSE)=0.007307 | MAE=0.034981 | RMSE=0.085479 | LR=1.20e-05
Epoch 1867 | Loss(MSE)=0.007310 | MAE=0.034951 | RMSE=0.085496 | LR=1.19e-05
Epoch 1868 | Loss(MSE)=0.007318 | MAE=0.034993 | RMSE=0.085545 | LR=1.17e-05
Epoch 1869 | Loss(MSE)=0.007314 | MAE=0.035002 | RMSE=0.085523 | LR=1.15e-05
Epoch 1870 | Loss(MSE)=0.007316 | MAE=0.035027 | RMSE=0.085535 | LR=1.14e-05
Epoch 1871 | Loss(MSE)=0.007312 | MAE=0.035006 | RMSE=0.085512 | LR=1.12e-05
Epoch 1872 | Loss(MSE)=0.007319 | MAE=0.034994 | RMSE=0.085550 | LR=1.11e-05
Epoch 1873 | Loss(MSE)=0.007315 | MAE=0.035050 | RMSE=0.085529 | LR=1.09e-05
Epoch 1874 | Loss(MSE)=0.007321 | MAE=0.035023 | RMSE=0.085564 | LR=1.08e-05
Epoch 1875 | Loss(MSE)=0.007309 | MAE=0.034965 | RMSE=0.085493 | LR=1.06e-05
Epoch 1876 | Loss(MSE)=0.007321 | MAE=0.035006 | RMSE=0.085565 | LR=1.04e-05
Epoch 1877 | Loss(MSE)=0.007317 | MAE=0.035031 | RMSE=0.085537 | LR=1.03e-05
Epoch 1878 | Loss(MSE)=0.007318 | MAE=0.034983 | RMSE=0.085545 | LR=1.01e-05
Epoch 1879 | Loss(MSE)=0.007317 | MAE=0.034988 | RMSE=0.085539 | LR=1.00e-05
Epoch 1880 | Loss(MSE)=0.007313 | MAE=0.034980 | RMSE=0.085516 | LR=9.85e-06
Epoch 1881 | Loss(MSE)=0.007321 | MAE=0.035018 | RMSE=0.085565 | LR=9.70e-06
Epoch 1882 | Loss(MSE)=0.007310 | MAE=0.034979 | RMSE=0.085497 | LR=9.56e-06
Epoch 1883 | Loss(MSE)=0.007317 | MAE=0.035013 | RMSE=0.085540 | LR=9.41e-06
Epoch 1884 | Loss(MSE)=0.007313 | MAE=0.035010 | RMSE=0.085518 | LR=9.27e-06
Epoch 1885 | Loss(MSE)=0.007315 | MAE=0.035020 | RMSE=0.085529 | LR=9.13e-06
Epoch 1886 | Loss(MSE)=0.007314 | MAE=0.034947 | RMSE=0.085520 | LR=8.99e-06
Epoch 1887 | Loss(MSE)=0.007314 | MAE=0.035044 | RMSE=0.085522 | LR=8.85e-06
Epoch 1888 | Loss(MSE)=0.007316 | MAE=0.035036 | RMSE=0.085533 | LR=8.71e-06
Epoch 1889 | Loss(MSE)=0.007319 | MAE=0.034992 | RMSE=0.085550 | LR=8.57e-06
Epoch 1890 | Loss(MSE)=0.007314 | MAE=0.034963 | RMSE=0.085522 | LR=8.44e-06
Epoch 1891 | Loss(MSE)=0.007313 | MAE=0.034984 | RMSE=0.085514 | LR=8.30e-06
Epoch 1892 | Loss(MSE)=0.007314 | MAE=0.035000 | RMSE=0.085521 | LR=8.17e-06
Epoch 1893 | Loss(MSE)=0.007311 | MAE=0.034971 | RMSE=0.085506 | LR=8.04e-06
Epoch 1894 | Loss(MSE)=0.007316 | MAE=0.034987 | RMSE=0.085531 | LR=7.91e-06
Epoch 1895 | Loss(MSE)=0.007309 | MAE=0.035003 | RMSE=0.085492 | LR=7.78e-06
Epoch 1896 | Loss(MSE)=0.007315 | MAE=0.035006 | RMSE=0.085529 | LR=7.65e-06
Epoch 1897 | Loss(MSE)=0.007311 | MAE=0.034972 | RMSE=0.085506 | LR=7.52e-06
Epoch 1898 | Loss(MSE)=0.007307 | MAE=0.034947 | RMSE=0.085478 | LR=7.40e-06
Epoch 1899 | Loss(MSE)=0.007324 | MAE=0.035046 | RMSE=0.085578 | LR=7.27e-06
Epoch 1900 | Loss(MSE)=0.007316 | MAE=0.035027 | RMSE=0.085534 | LR=7.15e-06
Epoch 1901 | Loss(MSE)=0.007322 | MAE=0.035001 | RMSE=0.085569 | LR=7.03e-06
Epoch 1902 | Loss(MSE)=0.007313 | MAE=0.034986 | RMSE=0.085517 | LR=6.91e-06
Epoch 1903 | Loss(MSE)=0.007310 | MAE=0.035001 | RMSE=0.085500 | LR=6.79e-06
Epoch 1904 | Loss(MSE)=0.007317 | MAE=0.034990 | RMSE=0.085542 | LR=6.67e-06
Epoch 1905 | Loss(MSE)=0.007323 | MAE=0.035018 | RMSE=0.085575 | LR=6.55e-06
Epoch 1906 | Loss(MSE)=0.007310 | MAE=0.034954 | RMSE=0.085497 | LR=6.44e-06
Epoch 1907 | Loss(MSE)=0.007312 | MAE=0.035021 | RMSE=0.085510 | LR=6.32e-06
Epoch 1908 | Loss(MSE)=0.007321 | MAE=0.035013 | RMSE=0.085563 | LR=6.21e-06
Epoch 1909 | Loss(MSE)=0.007316 | MAE=0.035015 | RMSE=0.085532 | LR=6.09e-06
Epoch 1910 | Loss(MSE)=0.007315 | MAE=0.035019 | RMSE=0.085526 | LR=5.98e-06
Epoch 1911 | Loss(MSE)=0.007318 | MAE=0.034992 | RMSE=0.085543 | LR=5.87e-06
Epoch 1912 | Loss(MSE)=0.007307 | MAE=0.034954 | RMSE=0.085482 | LR=5.76e-06
Epoch 1913 | Loss(MSE)=0.007312 | MAE=0.034957 | RMSE=0.085512 | LR=5.66e-06
Epoch 1914 | Loss(MSE)=0.007307 | MAE=0.034995 | RMSE=0.085483 | LR=5.55e-06
Epoch 1915 | Loss(MSE)=0.007316 | MAE=0.034995 | RMSE=0.085531 | LR=5.45e-06
Epoch 1916 | Loss(MSE)=0.007310 | MAE=0.034971 | RMSE=0.085498 | LR=5.34e-06
Epoch 1917 | Loss(MSE)=0.007310 | MAE=0.035035 | RMSE=0.085497 | LR=5.24e-06
Epoch 1918 | Loss(MSE)=0.007311 | MAE=0.034953 | RMSE=0.085502 | LR=5.14e-06
Epoch 1919 | Loss(MSE)=0.007314 | MAE=0.034990 | RMSE=0.085525 | LR=5.04e-06
Epoch 1920 | Loss(MSE)=0.007312 | MAE=0.034989 | RMSE=0.085510 | LR=4.94e-06
Epoch 1921 | Loss(MSE)=0.007311 | MAE=0.034991 | RMSE=0.085502 | LR=4.84e-06
Epoch 1922 | Loss(MSE)=0.007315 | MAE=0.035049 | RMSE=0.085526 | LR=4.74e-06
Epoch 1923 | Loss(MSE)=0.007314 | MAE=0.034985 | RMSE=0.085524 | LR=4.65e-06
Epoch 1924 | Loss(MSE)=0.007317 | MAE=0.034982 | RMSE=0.085541 | LR=4.56e-06
Epoch 1925 | Loss(MSE)=0.007313 | MAE=0.034973 | RMSE=0.085515 | LR=4.46e-06
Epoch 1926 | Loss(MSE)=0.007305 | MAE=0.034975 | RMSE=0.085468 | LR=4.37e-06
Epoch 1927 | Loss(MSE)=0.007311 | MAE=0.034979 | RMSE=0.085504 | LR=4.28e-06
Epoch 1928 | Loss(MSE)=0.007316 | MAE=0.034963 | RMSE=0.085531 | LR=4.19e-06
Epoch 1929 | Loss(MSE)=0.007305 | MAE=0.034962 | RMSE=0.085467 | LR=4.10e-06
Epoch 1930 | Loss(MSE)=0.007303 | MAE=0.034960 | RMSE=0.085460 | LR=4.02e-06
Epoch 1931 | Loss(MSE)=0.007319 | MAE=0.035035 | RMSE=0.085550 | LR=3.93e-06
Epoch 1932 | Loss(MSE)=0.007307 | MAE=0.034950 | RMSE=0.085478 | LR=3.85e-06
Epoch 1933 | Loss(MSE)=0.007315 | MAE=0.034970 | RMSE=0.085528 | LR=3.76e-06
Epoch 1934 | Loss(MSE)=0.007308 | MAE=0.034947 | RMSE=0.085487 | LR=3.68e-06
Epoch 1935 | Loss(MSE)=0.007311 | MAE=0.034992 | RMSE=0.085506 | LR=3.60e-06
Epoch 1936 | Loss(MSE)=0.007315 | MAE=0.035002 | RMSE=0.085527 | LR=3.52e-06
Epoch 1937 | Loss(MSE)=0.007315 | MAE=0.034969 | RMSE=0.085530 | LR=3.44e-06
Epoch 1938 | Loss(MSE)=0.007320 | MAE=0.034998 | RMSE=0.085556 | LR=3.37e-06
Epoch 1939 | Loss(MSE)=0.007316 | MAE=0.035026 | RMSE=0.085532 | LR=3.29e-06
Epoch 1940 | Loss(MSE)=0.007309 | MAE=0.035002 | RMSE=0.085496 | LR=3.22e-06
Epoch 1941 | Loss(MSE)=0.007315 | MAE=0.034964 | RMSE=0.085529 | LR=3.14e-06
Epoch 1942 | Loss(MSE)=0.007314 | MAE=0.035007 | RMSE=0.085519 | LR=3.07e-06
Epoch 1943 | Loss(MSE)=0.007310 | MAE=0.034984 | RMSE=0.085496 | LR=3.00e-06
Epoch 1944 | Loss(MSE)=0.007312 | MAE=0.034973 | RMSE=0.085510 | LR=2.93e-06
Epoch 1945 | Loss(MSE)=0.007313 | MAE=0.034965 | RMSE=0.085515 | LR=2.86e-06
Epoch 1946 | Loss(MSE)=0.007313 | MAE=0.035023 | RMSE=0.085515 | LR=2.80e-06
Epoch 1947 | Loss(MSE)=0.007313 | MAE=0.035033 | RMSE=0.085517 | LR=2.73e-06
Epoch 1948 | Loss(MSE)=0.007312 | MAE=0.034938 | RMSE=0.085511 | LR=2.67e-06
Epoch 1949 | Loss(MSE)=0.007309 | MAE=0.034957 | RMSE=0.085494 | LR=2.60e-06
Epoch 1950 | Loss(MSE)=0.007320 | MAE=0.035001 | RMSE=0.085559 | LR=2.54e-06
Epoch 1951 | Loss(MSE)=0.007314 | MAE=0.034965 | RMSE=0.085523 | LR=2.48e-06
Epoch 1952 | Loss(MSE)=0.007317 | MAE=0.034989 | RMSE=0.085538 | LR=2.42e-06
Epoch 1953 | Loss(MSE)=0.007315 | MAE=0.035050 | RMSE=0.085529 | LR=2.36e-06
Epoch 1954 | Loss(MSE)=0.007315 | MAE=0.034992 | RMSE=0.085526 | LR=2.30e-06
Epoch 1955 | Loss(MSE)=0.007312 | MAE=0.034961 | RMSE=0.085513 | LR=2.25e-06
Epoch 1956 | Loss(MSE)=0.007316 | MAE=0.035008 | RMSE=0.085536 | LR=2.19e-06
Epoch 1957 | Loss(MSE)=0.007316 | MAE=0.034995 | RMSE=0.085536 | LR=2.14e-06
Epoch 1958 | Loss(MSE)=0.007315 | MAE=0.035003 | RMSE=0.085525 | LR=2.09e-06
Epoch 1959 | Loss(MSE)=0.007313 | MAE=0.035001 | RMSE=0.085514 | LR=2.04e-06
Epoch 1960 | Loss(MSE)=0.007308 | MAE=0.035019 | RMSE=0.085488 | LR=1.99e-06
Epoch 1961 | Loss(MSE)=0.007313 | MAE=0.035020 | RMSE=0.085514 | LR=1.94e-06
Epoch 1962 | Loss(MSE)=0.007313 | MAE=0.034962 | RMSE=0.085517 | LR=1.89e-06
Epoch 1963 | Loss(MSE)=0.007315 | MAE=0.035006 | RMSE=0.085528 | LR=1.84e-06
Epoch 1964 | Loss(MSE)=0.007309 | MAE=0.034980 | RMSE=0.085495 | LR=1.80e-06
Epoch 1965 | Loss(MSE)=0.007323 | MAE=0.035020 | RMSE=0.085574 | LR=1.75e-06
Epoch 1966 | Loss(MSE)=0.007317 | MAE=0.035046 | RMSE=0.085539 | LR=1.71e-06
Epoch 1967 | Loss(MSE)=0.007305 | MAE=0.034970 | RMSE=0.085470 | LR=1.67e-06
Epoch 1968 | Loss(MSE)=0.007310 | MAE=0.034981 | RMSE=0.085501 | LR=1.63e-06
Epoch 1969 | Loss(MSE)=0.007311 | MAE=0.034987 | RMSE=0.085503 | LR=1.59e-06
Epoch 1970 | Loss(MSE)=0.007315 | MAE=0.035049 | RMSE=0.085529 | LR=1.55e-06
Epoch 1971 | Loss(MSE)=0.007313 | MAE=0.034980 | RMSE=0.085514 | LR=1.52e-06
Epoch 1972 | Loss(MSE)=0.007313 | MAE=0.034971 | RMSE=0.085517 | LR=1.48e-06
Epoch 1973 | Loss(MSE)=0.007314 | MAE=0.035012 | RMSE=0.085520 | LR=1.45e-06
Epoch 1974 | Loss(MSE)=0.007314 | MAE=0.035001 | RMSE=0.085520 | LR=1.42e-06
Epoch 1975 | Loss(MSE)=0.007310 | MAE=0.034961 | RMSE=0.085498 | LR=1.39e-06
Epoch 1976 | Loss(MSE)=0.007309 | MAE=0.034998 | RMSE=0.085494 | LR=1.35e-06
Epoch 1977 | Loss(MSE)=0.007312 | MAE=0.034989 | RMSE=0.085510 | LR=1.33e-06
Epoch 1978 | Loss(MSE)=0.007316 | MAE=0.034999 | RMSE=0.085535 | LR=1.30e-06
Epoch 1979 | Loss(MSE)=0.007311 | MAE=0.034991 | RMSE=0.085502 | LR=1.27e-06
Epoch 1980 | Loss(MSE)=0.007318 | MAE=0.035043 | RMSE=0.085545 | LR=1.25e-06
Epoch 1981 | Loss(MSE)=0.007313 | MAE=0.034986 | RMSE=0.085513 | LR=1.22e-06
Epoch 1982 | Loss(MSE)=0.007309 | MAE=0.034994 | RMSE=0.085494 | LR=1.20e-06
Epoch 1983 | Loss(MSE)=0.007321 | MAE=0.035023 | RMSE=0.085564 | LR=1.18e-06
Epoch 1984 | Loss(MSE)=0.007310 | MAE=0.034987 | RMSE=0.085496 | LR=1.16e-06
Epoch 1985 | Loss(MSE)=0.007309 | MAE=0.034960 | RMSE=0.085492 | LR=1.14e-06
Epoch 1986 | Loss(MSE)=0.007314 | MAE=0.034969 | RMSE=0.085524 | LR=1.12e-06
Epoch 1987 | Loss(MSE)=0.007315 | MAE=0.034979 | RMSE=0.085526 | LR=1.10e-06
Epoch 1988 | Loss(MSE)=0.007307 | MAE=0.034985 | RMSE=0.085479 | LR=1.09e-06
Epoch 1989 | Loss(MSE)=0.007314 | MAE=0.035006 | RMSE=0.085521 | LR=1.07e-06
Epoch 1990 | Loss(MSE)=0.007319 | MAE=0.035019 | RMSE=0.085550 | LR=1.06e-06
Epoch 1991 | Loss(MSE)=0.007308 | MAE=0.034949 | RMSE=0.085489 | LR=1.05e-06
Epoch 1992 | Loss(MSE)=0.007310 | MAE=0.034974 | RMSE=0.085500 | LR=1.04e-06
Epoch 1993 | Loss(MSE)=0.007320 | MAE=0.035023 | RMSE=0.085555 | LR=1.03e-06
Epoch 1994 | Loss(MSE)=0.007314 | MAE=0.034976 | RMSE=0.085524 | LR=1.02e-06
Epoch 1995 | Loss(MSE)=0.007309 | MAE=0.034967 | RMSE=0.085491 | LR=1.02e-06
Epoch 1996 | Loss(MSE)=0.007309 | MAE=0.034998 | RMSE=0.085491 | LR=1.01e-06
Epoch 1997 | Loss(MSE)=0.007313 | MAE=0.035010 | RMSE=0.085518 | LR=1.01e-06
Epoch 1998 | Loss(MSE)=0.007315 | MAE=0.034978 | RMSE=0.085529 | LR=1.00e-06
Epoch 1999 | Loss(MSE)=0.007318 | MAE=0.034980 | RMSE=0.085545 | LR=1.00e-06
